Id;Ene;Feb;Mar;Abr;May;Jun;Jul;Ago;Sep;Oct;Nov;Dic;Tot
014000001000001 - VERMOUTH LA COPA ROJO 75CL ;110.4;176.35;112.65;0.0;0.0;126.1;214.65;75.1;37.55;120.16;112.65;75.1;1160.71
014000001000006 - VERMOUTH LA COPA ROJO 6X75CL ;0.0;78.85;153.21;170.65;171.23;114.9;0.0;104.18;36.05;114.9;443.27;478.74;1865.98
014000002000006 - VERMOUTH LA COPA BLANCO 6X75CL ;0.0;0.0;45.06;0.0;0.0;0.0;0.0;0.0;0.0;0.0;45.06;0.0;90.12
014000003000001 - PACK VERMOUTH LA COPA 2+1+VASO ;0.0;0.0;0.0;0.0;67.59;0.0;0.0;0.0;37.53;22.53;56.78;0.0;184.43
017000002000001 - DOUGALL 942 IPA AMERICAN P.ALE 33CL ;32.0;0.0;33.6;33.6;0.0;0.0;0.0;0.0;0.0;0.0;0.0;0.0;99.2
017000002000024 - DOUGALL 942 IPA AMERICAN P.ALE 24X33CL ;0.0;0.0;0.0;67.17;96.77;32.26;64.52;32.26;104.83;0.0;0.0;0.0;397.81
018000002000024 - NOS FOX ENGLISH IPA CAJA 24x33 CL;0.0;0.0;0.0;0.0;36.86;0.0;0.0;0.0;0.0;0.0;0.0;0.0;36.86
021000001000001 - SHIPYARD IPA AMERICAN CRAFT BOT. 50 CL;55.72;29.4;0.0;0.0;0.0;0.0;0.0;0.0;0.0;0.0;0.0;0.0;85.12
021000001000008 - SHIPYARD IPA AMERICAN CRAFT CAJA 8 x 50 CL;0.0;0.0;0.0;0.0;0.0;0.0;0.0;0.0;0.0;0.0;0.0;0.0;0.0
021000002000001 - YOUNGï¿½S STOUT CHOCOLATE BOT. 50 CL;27.86;32.19;0.0;0.0;0.0;0.0;0.0;0.0;0.0;0.0;0.0;0.0;60.05
021000002000008 - YOUNGï¿½S STOUT CHOCOLATE CAJA 8x50 CL;40.32;11.28;104.71;0.0;0.0;0.0;0.0;0.0;0.0;0.0;0.0;0.0;156.31
021000003000001 - HOBGOBLIN IPA CRAFTED BOT. 50 CL;59.7;227.9;0.0;0.0;0.0;0.0;0.0;0.0;0.0;0.0;0.0;0.0;287.6
021000003000012 - HOBGOBLIN IPA CRAFTED CAJA 4x3x50 CL;16.72;43.94;362.73;0.0;0.0;0.0;0.0;0.0;0.0;0.0;0.0;0.0;423.39
021000004000001 - HOBGOBLIN RUBY CRAFTED BOT. 50 CL;39.8;41.8;41.8;41.8;0.0;0.0;0.0;0.0;0.0;0.0;0.0;0.0;165.2
021000004000012 - HOBGOBLIN RUBY CRAFTED CAJA 12x50 CL;0.0;43.94;129.98;0.0;0.0;0.0;0.0;0.0;0.0;0.0;0.0;0.0;173.92
021000005000001 - BONBARDIER GLORIOUS ALE BOT. 50 CL;59.7;63.0;21.0;0.0;0.0;0.0;0.0;0.0;0.0;0.0;0.0;0.0;143.7
021000005000012 - BONBARDIER GLORIOUS ALE CAJA 12x50 CL;16.72;20.16;120.53;0.0;0.0;0.0;0.0;0.0;0.0;0.0;0.0;0.0;157.41
021000031000001 - HOBGOBLIN RUBY CRAFTED 30 LT BARRIL 30LT;63.0;441.0;315.0;0.0;0.0;0.0;0.0;0.0;0.0;0.0;0.0;0.0;819.0
022000001000024 - TYRIS MARZEN CAJA 24 x 33 CL;0.0;0.0;28.62;0.0;0.0;63.57;30.53;0.0;0.0;0.0;31.79;-31.79;122.72
022000002000012 - TYRIS ORIGINAL BLOND ALE CAJA 12x33 CL;32.64;0.0;0.0;0.0;0.0;0.0;17.16;0.0;0.0;30.89;0.0;0.0;80.69
022000003000001 - TYRIS IPA BOT. 33 CL;0.0;31.8;0.0;0.0;0.0;0.0;0.0;0.0;0.0;0.0;0.0;0.0;31.8
022000003000012 - TYRIS IPA CAJA 12x33 CL;0.0;0.0;0.0;0.0;0.0;63.58;31.79;50.04;82.61;193.27;31.15;81.83;534.27
022000009000012 - TYRIS AU YEA CAJA 12X33CL;0.0;0.0;0.0;0.0;0.0;0.0;0.0;0.0;0.0;72.5;0.0;0.0;72.5
022000010000012 - TYRIS LEMON & MELON CAJA 12x33 CL;0.0;0.0;0.0;0.0;0.0;0.0;0.0;0.0;0.0;30.89;0.0;0.0;30.89
022000011000012 - TYRIS LAGER CAJA 12x33 CL;0.0;0.0;0.0;0.0;0.0;0.0;0.0;0.0;0.0;12.86;16.08;0.0;28.94
022000012000012 - TYRIS Mï¿½RZEN S/CLUTEN 12X033CL ;0.0;0.0;0.0;0.0;0.0;0.0;0.0;0.0;0.0;126.55;0.0;15.89;142.44
023000001000006 - MONKEY CHARDONAY (GRAPE BEER) 6X75CL;36.91;0.0;77.56;0.0;0.0;38.78;38.78;0.0;0.0;0.0;38.78;0.0;230.81
023000002000001 - MONKEY MAMBA NEGRA AME STOUT BOT 33CL;0.0;38.0;0.0;0.0;0.0;0.0;0.0;0.0;0.0;0.0;0.0;0.0;38.0
023000002000024 - MONKEY MAMBA NEGRA AME STOUT 24X33CL;0.0;0.0;0.0;0.0;0.0;72.96;0.0;0.0;0.0;109.44;36.48;0.0;218.88
023000003000001 - MONKEY AKIRA PALE ALE BOT.33CL;0.0;0.0;0.0;0.0;0.0;0.0;0.0;0.0;0.0;0.0;0.0;0.0;0.0
023000003000024 - MONKEY AKIRA PALE ALE 33X24CL;0.0;0.0;0.0;0.0;124.92;0.0;0.0;0.0;92.74;0.0;0.0;0.0;217.66
023000004000001 - MONKEY MR PINK INDIAN PALE ALE BOT.33CL;0.0;0.0;0.0;0.0;0.0;0.0;0.0;0.0;0.0;0.0;0.0;0.0;0.0
023000004000024 - MONKEY MR PINK INDIAN PALE ALE 24X33 CL ;0.0;0.0;34.37;0.0;68.74;32.4;0.0;0.0;0.0;0.0;0.0;0.0;135.51
024000030000001 - VELTINS PILS BARRIL 30 L. ;3679.67;5942.32;11502.5;8611.88;11380.81;11268.23;11288.0;6626.8;10725.35;9844.69;14423.22;7534.12;112827.59
024000039000001 - VELTINS PILS BARRIL 5 L ;0.0;0.0;0.0;0.0;0.0;0.0;0.0;0.0;0.0;0.0;0.0;0.0;0.0
024000086000020 - VELTINS PILS RET. 20X33CL ;0.0;0.0;0.0;0.0;0.0;0.0;0.0;0.0;0.0;0.0;0.0;0.0;0.0
024000118000001 - VELTINS PILS 33CL ;0.0;2.48;0.0;0.0;0.0;0.0;-10.89;0.0;1.94;0.0;0.0;0.0;-6.47
024000118000004 - VELTINS PILS PACK 4 X 33CL ;40.76;0.0;0.0;0.0;0.0;0.0;0.0;0.0;0.0;0.0;0.0;0.0;40.76
024000118000024 - VELTINS PILS 6x4x33 CL ;0.0;19.36;68.08;128.24;114.73;141.84;29.04;68.24;160.68;146.46;221.95;154.53;1253.15
024000124000001 - VELTINS SIN ALCOHOL 0.0% 33CL ;41.2;0.0;21.8;0.0;0.0;0.0;0.0;0.0;0.0;0.0;0.0;0.0;63.0
024000124000024 - VELTINS SIN ALCOHOL 0.0% 24X33CL ;0.0;55.81;1020.0;1027.0;1040.29;1000.76;1325.99;526.67;1152.79;872.42;1569.72;1011.51;10602.96
024000199000016 - GREVENSTEINER HELL 50CL RET. ;14.72;80.0;0.0;0.0;0.0;0.0;0.0;0.0;0.0;0.0;0.0;0.0;94.72
024000200000001 - GREVENSTEINER BARRIL 30 L ;1382.67;2823.9;4659.64;3414.66;4068.48;4332.88;3532.03;2805.1;4260.74;3395.38;5395.39;3702.06;43772.93
024000202000016 - GREVENSTEINER ORIGINAL RT 16X50 CL ;281.92;304.06;0.0;0.0;0.0;0.0;0.0;0.0;0.0;0.0;0.0;0.0;585.98
024000203000001 - PACK GREVENS. 5 BOT+JARRA ORIG ;180.0;0.0;0.0;0.0;0.0;0.0;225.0;0.0;0.0;75.0;98.61;412.3;990.91
024000204000001 - GREVENSTEINER ORIGINAL 33CL ;0.0;0.0;0.0;0.0;0.0;0.0;-11.28;0.0;2.26;0.0;0.0;0.0;-9.02
024000204000020 - GREVENSTEINER ORIGINAL 20X33CL ;0.0;84.6;272.6;417.36;266.94;84.6;98.69;63.44;141.0;441.8;456.84;327.12;2654.99
024000206000001 - GREVENSTEINER ORIG. LATA 50CL ;0.0;0.0;0.0;0.0;0.0;0.0;0.0;0.0;0.0;0.0;0.0;0.0;0.0
024000206000024 - GREVENSTEINER ORIG. LATA 6X4X50CL ;119.04;163.92;165.6;0.0;149.04;0.0;149.04;49.68;0.0;82.8;79.49;211.98;1170.59
024000210000001 - GREVENSTEINER ORIGINAL 50 CL ;48.45;139.44;23.24;0.0;0.0;0.0;0.0;0.0;0.0;0.0;0.0;0.0;211.13
024000210000016 - GREVENSTEINER ORIGINAL 16X50CL ;431.28;864.54;1460.11;1131.19;1176.79;840.31;1743.23;524.5;1487.41;599.68;465.56;895.76;11620.36
024000211000001 - GREVENSTEINER HELL 50CL ;19.5;0.0;0.0;0.0;0.0;0.0;0.0;0.0;0.0;0.0;0.0;0.0;19.5
024000211000016 - GREVENSTEINER HELL 16X50CL ;69.86;0.0;73.05;35.43;116.88;74.38;109.8;38.96;113.34;17.71;125.73;81.46;856.6
024000212000001 - GREVENSTEINER HELL 0. 33 CL ;0.0;0.0;0.0;0.0;0.0;0.0;0.0;0.0;2.26;0.0;0.0;0.0;2.26
024000212000020 - GREVENSTEINER HELL 20X33CL ;0.0;0.0;0.0;0.0;0.0;0.0;0.0;0.0;0.0;0.0;45.12;22.56;67.68
024000213000001 - PACK GREVENS. 5 BOT+JARRA ORIG ;225.0;178.06;213.01;53.5;437.4;82.6;107.0;53.5;189.98;136.9;123.9;21.77;1822.62
024000232000024 - VELTINS S/ALCOHOL RET. 24X33CL ;244.8;271.68;0.0;0.0;0.0;0.0;0.0;0.0;0.0;0.0;0.0;0.0;516.48
024000306000001 - VELTINS PILS LATA 50CL ;0.0;0.0;0.0;0.0;0.0;0.0;0.0;0.0;0.0;0.0;0.0;0.0;0.0
024000306000024 - VELTINS PILS 24X50CL ;37.44;65.28;39.6;66.0;52.8;66.0;158.4;0.0;26.4;66.0;139.92;153.12;870.96
024000343000001 - GREVENSTEINER ORIG.RET.33CL ;0.0;0.0;0.0;0.0;0.0;0.0;0.0;0.0;0.0;0.0;0.0;0.0;0.0
024000343000020 - GREVENSTEINER ORIG.RET.20X33CL ;105.0;104.56;16.6;0.0;0.0;0.0;0.0;0.0;0.0;0.0;0.0;0.0;226.16
024000568000020 - GREVENSTEINER HELL RET 20X.33CL ;9.92;0.0;0.0;0.0;0.0;0.0;0.0;0.0;0.0;0.0;0.0;0.0;9.92
024000880000001 - VELTINS RADLER RET. 33CL ;0.0;0.0;23.2;23.2;0.0;0.0;0.0;0.0;0.0;0.0;0.0;0.0;46.4
024000880000024 - VELTINS RADLER RET. 24X33CL ;151.8;196.16;244.24;249.8;197.28;206.14;250.69;131.86;288.91;161.6;310.53;263.21;2652.22
027000020000001 - M&F - PALE ALE  20L BARRIL 20L;0.0;0.0;0.0;0.0;0.0;0.0;0.0;0.0;0.0;0.0;0.0;0.0;0.0
027000033000001 - MAISELï¿½S WEISSE ORIG.30L BARRIL 30L;368.28;677.17;1131.08;380.16;304.13;380.15;456.19;152.06;76.03;0.0;430.5;0.0;4355.75
027000034000001 - MAISELï¿½S WEISSE DUNKEL 30L BARRIL 30L;0.0;68.4;0.0;146.88;0.0;83.7;2.7;0.0;0.0;0.0;861.0;123.0;1285.68
027000101000020 - AKTIEN ORIGINAL 50CL CAJA 20 X 50CL;21.0;0.0;24.67;0.0;0.0;0.0;0.0;0.0;0.0;0.0;0.0;0.0;45.67
027000102000001 - AKTIEN DUNKEL 50CL BOT 50CL;0.0;33.3;0.0;0.0;0.0;0.0;0.0;0.0;0.0;0.0;0.0;0.0;33.3
027000102000020 - AKTIEN  DUNKEL 50CL CAJA20 X 50CL;21.0;0.0;0.0;0.0;0.0;0.0;0.0;0.0;0.0;0.0;0.0;0.0;21.0
027000103000020 - AKTIEN ZWICK 50CL CAJA20 X 50CL;21.0;49.34;54.27;132.59;148.0;0.0;0.0;0.0;0.0;0.0;0.0;0.0;405.2
027000104000001 - MAISEL WEISSE ORIGINAL 50CL BOT.50CL;0.0;132.12;0.0;0.0;0.0;0.0;0.0;0.0;0.0;0.0;0.0;0.0;132.12
027000104000020 - MAISEL WEISSE ORIG.HEFFE 50CL CAJA 20 X50;41.66;32.8;492.1;180.38;0.0;0.0;0.0;0.0;0.0;0.0;0.0;0.0;746.94
027000105000001 - MAISELï¿½S WEISSE DUNKEL 50CL BOT 50CL;0.0;66.6;0.0;0.0;0.0;0.0;0.0;0.0;0.0;0.0;0.0;0.0;66.6
027000105000020 - MAISELï¿½S WEISSE DUNKEL 50CL CAJA 20X50CL;37.0;0.0;54.27;96.2;59.2;66.6;0.0;0.0;0.0;0.0;0.0;0.0;313.27
027000106000020 - MAISELï¿½S WEISSE KRISTAL 50CL CAJA 20 x 50CL;22.4;0.0;0.0;373.9;193.62;66.6;37.0;0.0;0.0;0.0;0.0;0.0;693.52
027000108000001 - STEFANï¿½S INDIAN ALE 75CL BOT 75CL;48.75;18.75;0.0;37.5;0.0;0.0;0.0;0.0;0.0;0.0;0.0;0.0;105.0
027000108000006 - STEFANï¿½S INDIAN ALE 75CL CAJA 6X75CL;0.0;58.59;141.74;90.0;0.0;0.0;0.0;0.0;0.0;0.0;0.0;0.0;290.33
027000109000001 - JEFFï¿½S BAVARIAN ALE 75CL BOT 75CL;48.75;0.0;0.0;0.0;0.0;0.0;0.0;0.0;0.0;0.0;0.0;0.0;48.75
027000109000006 - JEFFï¿½S BAVARIAN ALE 75CL CJA 6X75CL;0.0;43.59;0.0;0.0;0.0;0.0;0.0;0.0;0.0;0.0;0.0;0.0;43.59
027000110000001 - MARCï¿½S CHOCOLAT BOCK 75CL BOT 75CL;48.75;18.75;18.75;0.0;0.0;0.0;0.0;0.0;0.0;0.0;0.0;0.0;86.25
027000110000006 - MARCï¿½S CHOCOLAT BOCK 75CL CAJA 6X75CL;0.0;43.59;18.0;0.0;0.0;0.0;0.0;0.0;0.0;0.0;0.0;0.0;61.59
027000111000001 - PACK MAISEL & FRIENDS 3BOT+COP ;15.21;0.0;0.0;0.0;0.0;0.0;0.0;0.0;0.0;0.0;0.0;0.0;15.21
027000112000001 - M&F. PALE ALE 33CL BOT 33 CL;0.0;0.0;0.0;0.0;0.0;0.0;0.0;0.0;0.0;0.0;0.0;0.0;0.0
027000112000024 - M&F. PALE ALE 33CL CAJA 6x4x33 CL;0.0;0.0;66.63;0.0;34.18;0.0;0.0;0.0;0.0;0.0;0.0;0.0;100.81
027000113000001 - BAYREUTHER HELL 50 CL BOT.50CL;0.75;0.0;0.0;0.0;0.0;0.0;0.0;0.0;0.0;0.0;0.0;0.0;0.75
027000114000024 - M&F. WEIZEN IPA CITRILLA 33CL CAJA 6x4x33 CL;0.0;20.4;0.0;0.0;0.0;0.0;0.0;0.0;0.0;0.0;0.0;0.0;20.4
027000115000001 - Maisel & Friend IPA 33CL BOT 33 CL;0.0;69.4;35.6;0.0;0.0;0.0;0.0;0.0;0.0;0.0;0.0;0.0;105.0
027000115000024 - Maisel & Friend IPA 33CL CAJA 6x4x33 CL;0.0;185.81;322.95;271.28;350.32;0.0;0.0;0.0;0.0;0.0;0.0;0.0;1130.36
027000118000024 - M&F HOPPY HELL 33CL 24X33CL;0.0;0.0;21.36;0.0;0.0;0.0;0.0;0.0;0.0;0.0;0.0;0.0;21.36
027000119000024 - M&F PALE ALE ALKOHOLFREI 33CL CAJA 24X33CL;0.0;21.36;0.0;54.58;34.18;68.35;0.0;0.0;0.0;0.0;0.0;0.0;178.47
027000120000024 - MAISEL WEISSE ORIGINAL 33CL CAJA 24 X 33CL;17.6;17.69;0.0;0.0;0.0;0.0;0.0;0.0;0.0;0.0;0.0;0.0;35.29
027000122000001 - MAISEL WEISSE ALKOHOLFREI 33CL BOT.33CL;0.0;0.0;0.0;0.0;0.0;0.0;0.0;0.0;0.0;0.0;0.0;0.0;0.0
027000122000024 - MAISEL WEISSE ALKOHOLFREI 33CL CAJA 24 X 33CL;30.36;0.0;57.29;20.52;0.0;0.0;0.0;0.0;0.0;0.0;0.0;0.0;108.17
027000123000020 - AKTIEN ORIGINAL 50CL RET. CAJA 20 X 50CL;52.0;0.0;0.0;0.0;0.0;0.0;0.0;0.0;0.0;0.0;0.0;0.0;52.0
027000125000020 - AKTIEN ZWICK 50CL RET. CAJA 20 X 50CL;26.0;0.0;0.0;0.0;0.0;0.0;0.0;0.0;0.0;0.0;0.0;0.0;26.0
027000126000020 - MAISEL WEISSE ORIG.50CL RET. CAJA 20 X 50CL;44.0;22.0;0.0;0.0;0.0;0.0;0.0;0.0;0.0;0.0;0.0;0.0;66.0
027000127000001 - MAISEL WEISSE ORIG.33CL RET. BOT.33CL;3.7;2.55;0.0;0.0;0.0;0.0;0.0;0.0;0.0;0.0;0.0;0.0;6.25
027000127000024 - MAISEL WEISSE ORIG.33CL RET. CAJA 24 X 33CL;0.0;0.0;0.0;-21.84;0.0;0.0;0.0;0.0;0.0;0.0;0.0;0.0;-21.84
027000128000020 - MAISEL WEISS DUNKEL 50CL RET. CAJA 20 X 50CL;88.0;0.0;0.0;0.0;0.0;0.0;0.0;0.0;0.0;0.0;0.0;0.0;88.0
027000132000020 - BAYREUTHER HELL 50 CL RET. CAJA 20 X 50CL;22.0;0.0;0.0;0.0;0.0;0.0;0.0;0.0;0.0;0.0;0.0;0.0;22.0
027000133000020 - BAYREUTHER HELL 33 CL RET. CAJA 20 X 33CL;0.0;0.0;14.08;0.0;0.0;0.0;0.0;0.0;0.0;0.0;0.0;0.0;14.08
027000134000024 - M&F  PALE ALE 33 cl RET. CAJA 24 X 33CL;52.8;0.0;0.0;0.0;0.0;0.0;0.0;0.0;0.0;0.0;0.0;0.0;52.8
027000135000024 - Maisel & Friend IPA 33CL CAJA 24 X 33CL;17.6;98.33;0.0;0.0;0.0;0.0;0.0;0.0;0.0;0.0;0.0;0.0;115.93
027000138000024 - M&F PALE ALE ALKOHOLF 33CL RET CAJA 24 X 33CL;0.0;26.4;0.0;0.0;0.0;0.0;0.0;0.0;0.0;0.0;0.0;0.0;26.4
028000001000024 - LICORNE BIO 24X27.5 CL ;0.0;0.0;0.0;0.0;0.0;0.0;40.56;0.0;0.0;33.79;32.45;0.0;106.8
028000002000001 - LICORNE BLACK 33 CL ;0.0;0.0;0.0;0.0;0.0;0.0;0.0;0.0;0.0;0.0;0.0;0.0;0.0
028000002000024 - LICORNE BLACK 8X3X33CL ;0.0;0.0;0.0;0.0;0.0;34.8;197.18;27.84;110.77;0.0;139.2;62.64;572.43
028000003000024 - LICORNE WHITE 8X3X33CL ;0.0;0.0;0.0;0.0;0.0;69.6;90.48;0.0;27.84;34.8;83.52;0.0;306.24
028000004000024 - SLASH RED 8X3X33CL ;0.0;0.0;0.0;0.0;0.0;0.0;0.0;24.0;34.18;0.0;277.07;58.18;393.43
028000005000003 - SLASH ORIGIN 3X33 CL ;0.0;0.0;0.0;0.0;0.0;0.0;0.0;0.0;4.27;0.0;0.0;0.0;4.27
028000005000024 - SLASH ORIGIN 8X3X33CL ;0.0;0.0;0.0;0.0;0.0;42.72;252.03;160.71;0.0;0.0;174.53;34.18;664.17
028000006000003 - SLASH IPA 3X33 CL ;0.0;0.0;0.0;0.0;0.0;0.0;0.0;0.0;4.27;0.0;0.0;0.0;4.27
028000006000024 - SLASH IPA  8X3X33CL ;0.0;0.0;0.0;0.0;0.0;128.16;323.2;126.54;34.18;0.0;353.97;0.0;966.05
028000007000001 - KARLSBRAU HELLES 33 CL ;0.0;0.0;0.0;0.0;0.0;0.0;0.0;0.0;2.08;0.0;0.0;0.0;2.08
028000007000020 - KARLSBRAU HELLES 20X33 CL ;0.0;0.0;0.0;0.0;0.0;0.0;16.8;0.0;390.0;26.0;105.2;0.0;538.0
028000008000001 - KARLSBRAU KELLER 33 CL ;0.0;0.0;0.0;0.0;0.0;0.0;0.0;0.0;2.08;0.0;0.0;0.0;2.08
028000008000020 - KARLSBRAU KELLER 20X33 CL ;0.0;0.0;0.0;0.0;0.0;0.0;16.8;0.0;510.8;52.0;284.4;0.0;864.0
028000009000001 - KARLSBRAU PILS 33 CL ;0.0;0.0;0.0;0.0;0.0;0.0;0.0;0.0;1.6;0.0;0.0;0.0;1.6
028000009000020 - KARLSBRAU PILS 20X33 CL ;0.0;0.0;0.0;0.0;0.0;0.0;29.8;0.0;80.0;20.0;109.8;0.0;239.6
028000010000001 - KARLSBRAU WEIZEN 33 CL ;0.0;0.0;0.0;0.0;0.0;0.0;0.0;0.0;2.08;0.0;0.0;0.0;2.08
028000010000020 - KARLSBRAU WEIZEN 20X33 CL ;0.0;0.0;0.0;0.0;0.0;0.0;20.8;40.3;460.2;149.5;274.0;62.4;1007.2
028000011000001 - KARLSBRAU PILS SIN 33 CL ;0.0;0.0;0.0;0.0;0.0;0.0;0.0;0.0;0.0;0.0;0.0;0.0;0.0
028000011000024 - KARLSBRAU PILS SIN 4X6X33 CL ;0.0;0.0;0.0;0.0;0.0;0.0;17.28;0.0;254.88;0.0;42.24;0.0;314.4
028000012000024 - KARLSBRAU RADLER SIN 4X6X33 CL ;0.0;0.0;0.0;0.0;0.0;0.0;110.35;0.0;16.32;61.2;150.96;40.8;379.63
028000013000024 - EL GRANDE 8X3X33 CL ;0.0;0.0;0.0;0.0;0.0;30.0;109.98;48.99;30.0;0.0;96.0;24.0;338.97
028000015000001 - KARLSBRAU PILS BARRIL 30 L ;0.0;0.0;0.0;0.0;0.0;0.0;0.0;0.0;0.0;0.0;61.5;83.7;145.2
028000016000001 - KARLSBRAU WEIZEN BARRIL 30 L ;0.0;0.0;0.0;0.0;0.0;0.0;0.0;0.0;1304.89;601.81;1684.16;1006.88;4597.74
028000018000001 - KARLSBRAU LAGER BARRIL 30L ;0.0;0.0;0.0;0.0;0.0;0.0;0.0;0.0;0.0;0.0;268.21;1757.7;2025.91
028000020000001 - INSEL PLISNER 33 CL ;0.0;0.0;0.0;0.0;0.0;0.0;0.0;0.0;0.0;10.6;0.0;0.0;10.6
028000020000004 - INSEL PILSNER 4X33 CL ;0.0;0.0;0.0;0.0;0.0;0.0;0.0;0.0;19.43;0.0;19.43;0.0;38.86
028000020000012 - INSEL PILSNER 12X33 CL ;0.0;0.0;0.0;0.0;0.0;0.0;0.0;25.44;25.44;0.0;76.32;25.44;152.64
028000021000001 - INSEL KAP 33 CL ;0.0;0.0;0.0;0.0;0.0;0.0;0.0;0.0;0.0;10.6;0.0;0.0;10.6
028000021000004 - INSEL KAP 4X33 CL ;0.0;0.0;0.0;0.0;0.0;0.0;0.0;0.0;8.83;0.0;19.43;0.0;28.26
028000021000012 - INSEL KAP 12X33 CL ;0.0;0.0;0.0;0.0;0.0;0.0;0.0;128.25;114.48;63.6;127.2;50.88;484.41
028000022000001 - INSEL SAISON 33 CL ;0.0;0.0;0.0;0.0;0.0;0.0;0.0;0.0;0.0;10.6;0.0;0.0;10.6
028000022000004 - INSEL SAISON 4X33 CL ;0.0;0.0;0.0;0.0;0.0;0.0;0.0;0.0;8.83;16.96;40.63;0.0;66.42
028000022000012 - INSEL SAISON 12X33 CL ;0.0;0.0;0.0;0.0;0.0;0.0;0.0;50.88;82.68;0.0;178.08;128.25;439.89
028000023000001 - INSEL KREIDE 33CL ;0.0;0.0;0.0;0.0;0.0;0.0;0.0;0.0;0.0;10.6;0.0;0.0;10.6
028000023000004 - INSEL KREIDE 4X33 CL ;0.0;0.0;0.0;0.0;0.0;0.0;0.0;0.0;19.43;10.6;19.43;0.0;49.46
028000023000012 - INSEL KREIDE 12X33 CL ;0.0;0.0;0.0;0.0;0.0;0.0;0.0;50.88;90.09;50.88;127.2;51.93;370.98
028000024000001 - BALTIC ALE 33 CL ;0.0;0.0;0.0;0.0;0.0;0.0;0.0;11.4;0.0;11.4;0.0;0.0;22.8
028000024000004 - BALTIC ALE 4X33 CL ;0.0;0.0;0.0;0.0;0.0;0.0;0.0;0.0;9.5;22.8;20.9;0.0;53.2
028000024000012 - BALTIC ALE 12X33 CL ;0.0;0.0;0.0;0.0;0.0;0.0;0.0;56.28;271.31;65.04;163.74;28.49;584.86
028000025000001 - BALTIC STOUT 33 CL ;0.0;0.0;0.0;0.0;0.0;0.0;0.0;0.0;0.0;11.4;17.1;0.0;28.5
028000025000004 - BALTIC STOUT 4X33 CL ;0.0;0.0;0.0;0.0;0.0;0.0;0.0;0.0;20.9;41.04;66.5;0.0;128.44
028000025000012 - BALTIC STOUT 12X33 CL ;0.0;0.0;0.0;0.0;0.0;0.0;61.56;138.36;68.4;65.04;167.58;27.36;528.3
028000026000001 - BALTIC DUBBEL 33 CL ;0.0;0.0;0.0;0.0;0.0;0.0;0.0;0.0;0.0;11.4;17.1;18.24;46.74
028000026000004 - BALTIC DUBBEL 4X33 CL ;0.0;0.0;0.0;0.0;0.0;0.0;0.0;0.0;9.5;0.0;20.9;0.0;30.4
028000026000012 - BALTIC DUBBEL 12X33 CL ;0.0;0.0;0.0;0.0;0.0;0.0;62.69;83.64;148.19;143.64;201.78;171.0;810.94
028000027000001 - BALTIC TRIPEL 33 CL ;0.0;0.0;0.0;0.0;0.0;0.0;0.0;0.0;0.0;0.0;0.0;18.24;18.24
028000027000004 - BALTIC TRIPEL 4X33 CL ;0.0;0.0;0.0;0.0;0.0;0.0;0.0;0.0;9.5;34.2;20.9;0.0;64.6
028000027000012 - BALTIC TRIPEL 12X33 CL ;0.0;0.0;0.0;0.0;0.0;0.0;55.85;111.0;171.0;225.72;331.74;218.88;1114.19
028000028000004 - BALTIC GOSE 4X33 CL ;0.0;0.0;0.0;0.0;0.0;0.0;0.0;0.0;20.9;34.2;43.7;0.0;98.8
028000028000012 - BALTIC GOSE 12X33 CL ;0.0;0.0;0.0;0.0;0.0;0.0;34.2;83.64;88.92;34.2;194.94;28.92;464.82
028000029000001 - INSEL UBERSEEHOPFEN 33 CL ;0.0;0.0;0.0;0.0;0.0;0.0;0.0;11.4;0.0;22.8;0.0;0.0;34.2
028000029000004 - INSEL UBERSEEHOPFEN 4 X 33 CL ;0.0;0.0;0.0;0.0;0.0;0.0;0.0;0.0;20.9;18.24;20.9;0.0;60.04
028000029000012 - INSEL UBERSEEHOPFEN 12 X 33 CL ;0.0;0.0;0.0;0.0;0.0;0.0;0.0;84.77;27.36;0.0;109.44;55.85;277.42
028000030000001 - INSEL EAST COAST IPA 33 CL ;0.0;0.0;0.0;0.0;0.0;0.0;0.0;11.4;0.0;0.0;0.0;18.24;29.64
028000030000004 - INSEL EAST COAST IPA 4X33 CL ;0.0;0.0;0.0;0.0;0.0;0.0;0.0;0.0;9.25;22.8;66.5;0.0;98.55
028000030000012 - INSEL EAST COAST IPA 12X33 CL ;0.0;0.0;0.0;0.0;0.0;0.0;61.56;83.64;177.84;143.64;191.52;137.93;796.13
028000031000001 - BALTIC FARM 33 CL ;0.0;0.0;0.0;0.0;0.0;0.0;0.0;0.0;0.0;11.4;0.0;0.0;11.4
028000031000004 - BALTIC FARM 4x33CL ;0.0;0.0;0.0;0.0;0.0;0.0;0.0;0.0;11.4;11.4;20.9;0.0;43.7
028000031000012 - BALTIC FARM 12 X 33CL ;0.0;0.0;0.0;0.0;0.0;0.0;0.0;166.85;88.92;116.28;140.22;54.72;566.99
028000032000001 - PACK KARLSBRAU KELLER 5B+JARRA ;0.0;0.0;0.0;0.0;0.0;0.0;0.0;0.0;0.0;0.0;463.18;26.64;489.82
028000033000001 - PACK SLASH 6 X 33CL ;0.0;0.0;0.0;0.0;0.0;0.0;0.0;0.0;0.0;16.02;565.24;32.04;613.3
028000034000001 - PACK KARLSBRAU WEIZEN 5 BOT+JA ;0.0;0.0;0.0;0.0;0.0;0.0;0.0;0.0;0.0;0.0;578.98;26.64;605.62
028000040000001 - COFFRET LICORNE NOEL  ;0.0;0.0;0.0;0.0;0.0;0.0;0.0;0.0;0.0;18.4;258.0;88.88;365.28
028000040000004 - COFFRET LICORNE NOEL 4X4 ;0.0;0.0;0.0;0.0;0.0;0.0;0.0;0.0;0.0;0.0;0.0;159.58;159.58
028000041000001 - SLASH IPA BARRIL 30 L ;0.0;0.0;0.0;0.0;0.0;0.0;0.0;0.0;0.0;183.0;457.5;366.0;1006.5
028000042000001 - SLASH RED BARRIL 30 L ;0.0;0.0;0.0;0.0;0.0;0.0;0.0;0.0;0.0;0.0;366.0;91.5;457.5
029000003000024 - KIRIN CAJA 4X6X33CL ;0.0;0.0;0.0;0.0;0.0;25.2;70.56;0.0;20.16;0.0;97.92;20.16;234.0
029000004000024 - ASAHI CAJA 24X33CL ;0.0;0.0;0.0;0.0;0.0;25.22;91.55;0.0;0.0;0.0;77.76;0.0;194.53
030000001000024 - SAPPORO LAGER 24X33 CL ;0.0;0.0;0.0;0.0;0.0;0.0;54.99;0.0;49.98;0.0;172.8;48.0;325.77
031000104000012 - ERDINGER PIKANTUS 50CL CAJA 12 x 50CL;0.0;0.0;0.0;9.6;0.0;0.0;0.0;0.0;0.0;0.0;0.0;0.0;9.6
031000105000012 - ERDINGER OKTOBERFEST CAJA12x50;0.0;0.0;0.0;9.6;0.0;0.0;0.0;0.0;0.0;0.0;206.4;0.0;216.0
031000136000012 - ERDINGER URWEISSE 50CL CAJA12x50 CL;0.0;0.0;0.0;9.6;0.0;0.0;0.0;0.0;0.0;0.0;14.4;0.0;24.0
031000145000012 - ERDINGER S/ALCOHOL LIMON 33CL CAJA 12 X 33 CL;2.48;2.48;0.0;0.0;0.0;0.0;0.0;0.0;0.0;0.0;0.0;0.0;4.96
031000302000024 - ERDINGER WEISSBIER LTA 24x50CL ;0.0;0.0;0.0;0.0;0.0;0.0;0.0;0.0;0.0;0.0;0.0;26.4;26.4
034000001000012 - GOD&COS GODELLO COSECHERO CAJA 12X75CL;0.0;0.0;0.0;0.0;0.0;0.0;0.0;0.0;348.02;0.0;0.0;0.0;348.02
034000002000012 - MEN&COS GODELLO COSECHERO CAJA 12X75;0.0;0.0;0.0;0.0;0.0;0.0;36.79;0.0;0.0;0.0;0.0;0.0;36.79
034000003000001 - ORIXES GODELLO BRONCE BOTELLA 75CL;0.0;0.0;0.0;0.0;0.0;0.0;0.0;0.0;0.0;0.0;0.0;0.0;0.0
034000003000006 - ORIXES GODELLO BRONCE CAJA 6X75CL;0.0;0.0;0.0;0.0;0.0;0.0;64.37;0.0;35.4;0.0;0.0;0.0;99.77
034000004000002 - GINEBRA ORIXES DRY GIN PACK 2X70CL;0.0;0.0;0.0;0.0;0.0;0.0;128.33;0.0;0.0;0.0;0.0;0.0;128.33
034000005000012 - FERNANDEZ&MACIAS 100 MENCIA CAJA 12X75CL TTO;0.0;0.0;0.0;0.0;0.0;0.0;46.78;0.0;44.93;0.0;0.0;0.0;91.71
034000006000006 - XOIA SELECCION BCO CAJA 6X75CL;0.0;0.0;0.0;0.0;0.0;0.0;65.78;0.0;27.07;0.0;0.0;0.0;92.85
059000002000001 - JACQUART BRUT 75CL 6 BOT/6 CPS CAJA 6 BOTx75CL+6 COPAS;0.0;0.0;0.0;0.0;0.0;0.0;0.0;0.0;0.0;0.0;0.0;0.0;0.0
059000003000001 - JACQUART MOSAIQ BRUT C/ESTUCHE C/ESTUCHE;0.0;53.33;0.0;0.0;0.0;0.0;0.0;0.0;0.0;0.0;0.0;0.0;53.33
059000004000001 - JACQUART 1.50L MAGNM C/ESTUCHE 1X1.5L C/ESTUCHE;0.0;0.0;0.0;0.0;0.0;0.0;0.0;0.0;0.0;0.0;0.0;0.0;0.0
059000004000003 - JACQUART MAGNUM C/ESTUCHE 3X 1.5L C/ ESTUCHE;0.0;0.0;0.0;0.0;0.0;0.0;0.0;0.0;0.0;0.0;1396.8;0.0;1396.8
059000005000001 - JACQUART ROSE 75 CL C/ ESTUCHE 75 CL C/ ESTUCHE;0.0;61.72;0.0;0.0;0.0;0.0;0.0;0.0;0.0;0.0;0.0;0.0;61.72
059000005000006 - JACQUART ROSE 75 CL C/ ESTUCHE 6X75CL C/ESTUCHE;0.0;144.72;0.0;0.0;0.0;0.0;0.0;0.0;0.0;0.0;915.0;0.0;1059.72
059000006000001 - JACQUART MOSAIQ  BRUT BOT.75CL;0.0;0.0;66.0;39.32;0.0;188.93;88.0;0.0;0.0;0.0;0.0;0.0;382.25
059000006000006 - JACQUART MOSAIQ  BRUT CAJA 6X75CL;0.0;313.44;2403.87;377.85;606.92;585.43;1122.76;671.76;2937.89;2566.4;2945.21;638.17;15169.7
059000007000001 - JACQUART ROSE BOT. 75CL;21.38;0.0;75.0;163.65;0.0;0.0;50.0;0.0;0.0;0.0;0.0;0.0;310.03
059000007000006 - JACQUART ROSE CAJA 6X75CL;0.0;0.0;927.72;0.0;196.38;142.2;157.1;0.0;147.28;857.93;2123.01;147.28;4698.9
059000008000001 - JACQUART BRUT 5 YEARS C/ESTUCH 75CL C/ESTUCHE;0.0;28.69;0.0;0.0;0.0;0.0;0.0;0.0;0.0;0.0;0.0;0.0;28.69
059000008000006 - JACQUART BRUT 5 YEARS C/ESTUCH 6X75CL C/ESTUCHE;0.0;0.0;0.0;0.0;151.97;0.0;0.0;0.0;0.0;137.88;0.0;689.4;979.25
059000009000001 - JACQUART JEROBOAM BOT. 3L;0.0;0.0;0.0;0.0;0.0;0.0;235.75;0.0;0.0;0.0;0.0;0.0;235.75
059000010000001 - JACQUART MATUSALEM 6L BOT. 6L;0.0;0.0;0.0;0.0;0.0;0.0;0.0;0.0;0.0;0.0;0.0;0.0;0.0
059000012000001 - JACQUART BALTASAR BOT. 12L;0.0;0.0;0.0;0.0;0.0;0.0;0.0;0.0;0.0;0.0;0.0;0.0;0.0
059000013000001 - MONTAUDON BRUT 75CL 75CL;0.0;0.0;0.0;0.0;0.0;0.0;0.0;0.0;0.0;28.91;0.0;0.0;28.91
059000013000006 - MONTAUDON BRUT 75CL 6X75CL;0.0;0.0;600.14;0.0;86.72;513.42;333.12;0.0;270.66;208.2;2022.4;421.6;4456.26
059000014000001 - MONTAUDON ROSE 75CL 75cl;0.0;0.0;0.0;0.0;0.0;0.0;0.0;0.0;0.0;32.75;0.0;0.0;32.75
059000014000006 - MONTAUDON ROSE 75CL 6X75CL;0.0;0.0;491.3;0.0;0.0;192.63;94.37;0.0;0.0;0.0;543.6;666.49;1988.39
059000016000001 - CUVEE ALPHA VINTAGE BOT. 75 CL;0.0;0.0;0.0;0.0;0.0;0.0;0.0;0.0;0.0;0.0;0.0;69.17;69.17
059000016000003 - CUVEE ALPHA VINTAGE CAJA 3X75CL;0.0;0.0;0.0;0.0;0.0;0.0;0.0;0.0;0.0;180.93;0.0;0.0;180.93
059000017000001 - CUVEE ALPHA VINTAGE PRESTIGE BOT.75CL  C/ESTUCHE;0.0;0.0;0.0;0.0;0.0;0.0;0.0;0.0;0.0;0.0;177.35;177.35;354.7
059000017000006 - CUVEE ALPHA VINTAGE PRESTIGE 6X75CL C/ESTUCHE;0.0;0.0;0.0;0.0;0.0;0.0;0.0;0.0;0.0;0.0;0.0;0.0;0.0
059000018000001 - MOUNTAUDON BRUT 37.5CL ;0.0;0.0;0.0;0.0;0.0;0.0;0.0;0.0;0.0;10.31;0.0;0.0;10.31
059000018000012 - MOUNTAUDON BRUT 37.5CL CAJA 12X37.5CL;0.0;0.0;0.0;0.0;118.85;123.75;0.0;0.0;0.0;0.0;0.0;0.0;242.6
059000019000001 - JACQUART MOSAIQ BRUT 37.5CL ;0.0;0.0;0.0;0.0;0.0;0.0;0.0;0.0;0.0;0.0;0.0;0.0;0.0
059000019000012 - JACQUART MOSAIQ BRUT 37.5CL CAJA 12X37.5CL;0.0;0.0;0.0;135.09;0.0;0.0;144.1;0.0;0.0;553.87;144.1;0.0;977.16
059000020000006 - JACQUART B DE BLANCS 75CL EST. 6X75CL C/ESTUCHE;0.0;0.0;0.0;0.0;0.0;0.0;0.0;0.0;0.0;248.77;263.14;0.0;511.91
061000001000024 - PANDABEER SHIZUN BELGA SAISON 24X33CL;0.0;0.0;33.99;0.0;0.0;0.0;0.0;0.0;0.0;0.0;0.0;0.0;33.99
065000003000001 - DR.CALYPSO HALF IPA(S/GLUTEN) BOT.33;0.0;8.61;0.0;0.0;0.0;0.0;0.0;0.0;0.0;0.0;0.0;0.0;8.61
065000003000024 - DR.CALYPSO HALF IPA(S/GLUTEN) 24x33CL;84.24;0.0;0.0;0.0;39.36;0.0;0.0;0.0;39.36;40.98;157.44;78.72;440.1
065000004000024 - GUINEU MONTSERRAT STOUT 24X33CL;0.0;0.0;0.0;0.0;0.0;38.4;0.0;0.0;0.0;0.0;0.0;0.0;38.4
067000001000006 - J. FERNANDO VERDEJO CAJA 6X75 CL;525.19;2611.36;0.0;0.0;0.0;0.0;0.0;0.0;0.0;0.0;0.0;0.0;3136.55
067000002000012 - ROJO TANGO VERDEJO 75CL CAJA 12X75CL;0.0;0.0;0.0;0.0;0.0;0.0;0.0;0.0;0.0;0.0;0.0;0.0;0.0
070000010000006 - PALAZZO V.LAMB MONTOVA RDO CAJA 6X75CL;0.0;99.72;48.96;0.0;214.8;190.25;12.24;85.92;105.25;0.0;0.0;0.0;757.14
070000012000006 - PALAZZO V.LAMB MONTOVA TTO CAJA 6X75CL;0.0;0.0;42.96;0.0;42.96;0.0;0.0;0.0;0.0;0.0;0.0;27.48;113.4
070000024000001 - PALAZZO V.LAMB IGT EMILIA RDO BOT 75CL;0.0;0.0;2.41;0.0;0.0;0.0;0.0;0.0;0.0;0.0;0.0;0.0;2.41
070000024000006 - PALAZZO V.LAMB IGT EMILIA RDO CAJA 6 X 75CL;0.0;819.0;547.77;769.06;0.0;0.0;248.13;0.0;521.79;0.0;881.48;145.49;3932.72
070000025000006 - PALAZZO V.LAMB IGT EMILIA TTO. CAJA 6 X 75CL;0.0;0.0;0.0;0.0;0.0;0.0;0.0;0.0;0.0;0.0;0.0;12.29;12.29
070000037000001 - NERO Dï¿½AVOLA SICILI CACCIOTORA BOT.75CL;0.0;0.0;3.83;0.0;0.0;0.0;0.0;0.0;0.0;0.0;0.0;0.0;3.83
070000038000001 - PINOT GRIGIO VENETO CACCIOTORA BOT. 75CL;0.0;0.0;4.39;0.0;0.0;0.0;0.0;0.0;0.0;0.0;0.0;0.0;4.39
070000038000006 - PINOT GRIGIO VENETO CACCIOTORA CAJA 6X0.75L;0.0;19.75;19.75;19.75;39.51;19.75;0.0;0.0;0.0;0.0;0.0;0.0;118.51
070000042000001 - IL VENEZIANO SANGUE DI GIUDA BOT 75 CL;0.0;0.0;2.89;0.0;0.0;0.0;0.0;0.0;0.0;0.0;0.0;0.0;2.89
070000042000006 - IL VENEZIANO SANGUE DI GIUDA DOC CAJA 6 X 75 CL;0.0;13.87;149.12;88.16;64.32;48.6;70.23;0.0;117.04;29.64;117.04;204.06;902.08
070000046000001 - IL GONDOLIERE FRAGOLINO TTO BOT 75CL;0.0;0.0;0.0;0.0;0.0;0.0;0.0;0.0;0.0;0.0;0.0;0.0;0.0
070000046000006 - IL GONDOLIERE FRAGOLINO TTO CAJA 6 BOT X 75CL;0.0;10.57;0.0;0.0;11.98;0.0;0.0;0.0;0.0;0.0;0.0;0.0;22.55
070090002000001 - CUBITERAS IL VENEZIANO UNIDAD;0.0;0.0;0.0;0.0;0.0;0.0;0.0;0.0;0.0;0.0;0.0;0.0;0.0
073000001000001 - ROBLE PRIOS MAXIMUS BOT 75CL ;0.0;0.0;0.0;0.0;0.0;0.0;0.0;0.0;0.0;0.0;30.59;0.0;30.59
073000001000006 - ROBLE PRIOS MAXIMUS CJA 6X75CL ;513.39;848.17;936.74;938.56;914.34;1848.25;1615.69;1843.34;2668.29;2998.77;3782.76;3365.65;22273.95
073000002000001 - CRIANZA PRIOS MAXIMUS BOT 75CL ;0.0;0.0;0.0;214.8;0.0;161.1;0.0;0.0;0.0;107.4;107.38;0.0;590.68
073000002000006 - CRIANZA PRIOS MAXIMUS CJA 6X75 ;0.0;51.55;0.0;0.0;0.0;0.0;0.0;58.0;51.55;0.0;0.0;0.0;161.1
073000003000001 - RESERVA PRIOS MAXIMUS BOT 75CL ;0.0;-54.76;0.0;0.0;0.0;0.0;0.0;0.0;0.0;0.0;76.02;0.0;21.26
073000003000006 - RESERVA PRIOS MAXIMUS CJA 6X75 ;0.0;82.13;0.0;0.0;0.0;0.0;0.0;0.0;164.27;0.0;0.0;91.26;337.66
073000005000001 - RIETOS ROBLE BOT. 75CL;3.22;0.0;0.0;0.0;0.0;0.0;0.0;0.0;0.0;0.0;0.0;0.0;3.22
073000005000012 - RIETOS ROBLE 12X75 CL ;598.62;824.64;1095.6;893.36;3325.8;497.56;50.76;362.99;645.78;720.62;2067.63;1448.96;12532.32
073000006000001 - RIETOS CRIANZA BOT. 75CL;5.18;0.0;5.29;0.0;0.0;0.0;0.0;0.0;0.0;0.0;0.0;0.0;10.47
073000006000012 - RIETOS CRIANZA CAJA 12X75CL;0.0;0.0;145.16;362.89;362.88;72.58;75.57;0.0;223.72;381.04;364.34;230.36;2218.54
073000007000001 - PRIOS MAXIMOS VERDEJO BOT. 75CL;0.0;184.0;138.0;0.0;0.0;0.0;0.0;0.0;0.0;0.0;0.0;0.0;322.0
073000007000012 - PRIOS MAXIMOS VERDEJO CAJA 12X75CL;276.96;967.9;1150.14;1163.97;1765.98;1953.21;2413.33;2320.85;3089.31;2414.05;3826.28;3847.75;25189.73
073000008000001 - PRIOS VENDIMIA SELECCIONADA BOT. 1.5L;0.0;0.0;0.0;0.0;0.0;0.0;0.0;26.42;0.0;0.0;0.0;0.0;26.42
073000008000006 - PRIOS VENDIMIA SELECCIONADA CAJA 6X1.5L;54.39;0.0;117.84;63.41;181.25;58.92;0.0;0.0;58.92;117.84;244.66;190.23;1087.46
073000013000001 - RIETOS CRIANZA MAGNUM BOTELLA 1.5L;0.0;0.0;0.0;0.0;0.0;0.0;0.0;0.0;0.0;0.0;0.0;0.0;0.0
073000013000006 - RIETOS CRIANZA MAGNUM CAJA 6X1.5L;0.0;0.0;0.0;126.38;0.0;0.0;0.0;0.0;0.0;0.0;0.0;0.0;126.38
074000001000006 - PRESIDENTIAL TAWNY PORTO CAJA 6 BOT X 75 CL;0.0;0.0;34.03;0.0;0.0;0.0;0.0;0.0;0.0;0.0;0.0;0.0;34.03
074000004000006 - DALVA MOSCATEL DOURO CAJA 6X75 CL;0.0;0.0;30.24;0.0;0.0;0.0;0.0;0.0;0.0;0.0;0.0;105.0;135.24
075000003000001 - NAHE RIESLING KABINETT SEMISEC BOT 75 CL;0.0;0.0;0.0;0.0;0.0;0.0;0.0;0.0;0.0;0.0;0.0;0.0;0.0
075000003000006 - NAHE RIESLING KABINETT SEMISEC CAJA 6 BOT X 75 CL;0.0;0.0;0.0;0.0;0.0;21.37;0.0;0.0;0.0;0.0;0.0;21.37;42.74
075000004000001 - RIESLING NAHETAL SPATLESE BOT 75CL;0.0;0.0;0.0;0.0;0.0;0.0;0.0;0.0;0.0;0.0;0.0;0.0;0.0
075000004000006 - RIESLING NAHETAL SPATLESE CAJA 6 X 75CL;0.0;0.0;306.01;0.0;0.0;0.0;558.0;0.0;204.0;22.32;204.0;0.0;1294.33
075000007000001 - NAHE RIESLING CLASSIC SECO BOT. 75 CL;0.0;0.0;0.0;0.0;0.0;0.0;0.0;0.0;0.0;0.0;0.0;0.0;0.0
075000007000006 - NAHE RIESLING CLASSIC SECO CAJA 6X75 CL;44.37;0.0;0.0;0.0;0.0;22.64;0.0;22.64;0.0;0.0;0.0;45.28;134.93
084000001000001 - JP.CHENET CABERNET SYRAH TTO 75CL ;0.0;0.0;0.0;0.0;0.0;0.0;0.0;0.0;0.0;0.0;0.0;0.0;0.0
084000001000006 - JP.CHENET CABERNET SYRAH TTO 6X75CL CAJA 6 BOT X 75 CL;15.6;0.0;763.39;76.21;44.82;112.54;0.0;152.4;89.64;0.0;495.04;76.2;1825.84
084000002000006 - JPCHENET COLOMB SAUVIGNON BCO CAJA 6 BOT X 75 CL;0.0;0.0;518.94;0.0;0.0;0.0;0.0;0.0;89.64;0.0;14.94;0.0;623.52
084000003000006 - JPCHENET CINSAULT GRENACHE RDO CAJA 6 BOT X 75 CL;21.16;0.0;222.12;0.0;0.0;0.0;0.0;0.0;89.64;0.0;0.0;0.0;332.92
084000009000006 - CALIFORNIA 770 MILES CHARDONAY CAJA 6X75CL;0.0;17.76;0.0;0.0;0.0;0.0;0.0;17.73;36.48;0.0;0.0;54.33;126.3
084000010000001 - CALIFORNIA 770 MILES ZINFANDEL BOT 75CL(TTO);0.0;0.0;0.0;0.0;0.0;0.0;0.0;0.0;0.0;24.0;0.0;0.0;24.0
084000010000006 - CALIFORNIA 770 MILES ZINFANDEL CAJA 6X75CL TTO;0.0;0.0;0.0;0.0;0.0;0.0;0.0;0.0;36.48;0.0;0.0;0.0;36.48
084000011000001 - CHILE EL CAMPO MERLOT TTO 75CL ;20.5;0.0;0.0;0.0;0.0;0.0;0.0;0.0;0.0;0.0;0.0;0.0;20.5
084000011000006 - CHILE EL CAMPO MERLOT TTO 6X75CL ;20.91;0.0;0.0;0.0;0.0;0.0;25.14;0.0;14.94;0.0;0.0;0.0;60.99
084000014000006 - ECHEï¿½OR MALBEC TTO 6X75CL ;26.46;76.65;0.0;121.68;0.0;27.05;30.06;0.0;0.0;20.28;0.0;162.24;464.42
084000015000006 - CAPE SPRING PINOTAGE TTO 6X75CL ;0.0;0.0;0.0;0.0;22.36;22.36;0.0;0.0;89.64;29.88;22.36;0.0;186.6
084000029000001 - JP CHENET SPARKLING BRUT BOT. 75CL;0.0;69.0;23.0;0.0;0.0;0.0;0.0;0.0;0.0;0.0;0.0;0.0;92.0
084000029000006 - JP CHENET SPARKLING BRUT CAJA 6 BOT X 75CL;319.35;190.95;367.45;293.97;367.45;897.37;1184.95;1208.37;1524.31;1373.18;2030.06;2161.97;11919.38
084000030000006 - JP CHENET SPARKLING ROSï¿½ CAJA 6 BOT X 75CL;22.95;0.0;0.0;0.0;0.0;0.0;0.0;0.0;0.0;0.0;0.0;0.0;22.95
084000032000006 - JP CHENET SPARKLING BRUT CAJA 6 BOT X 20CL;69.12;0.0;0.0;0.0;29.04;0.0;0.0;0.0;29.04;0.0;42.5;37.54;207.24
084000036000001 - GINEBRA BLEU Dï¿½ARGENT BOT 70CL;0.0;0.0;10.6;0.0;0.0;0.0;0.0;0.0;0.0;0.0;0.0;0.0;10.6
084000036000006 - GINEBRA BLEU Dï¿½ARGENT CAJA 6X70CL;0.0;39.0;0.0;0.0;0.0;0.0;0.0;0.0;0.0;101.76;0.0;42.42;183.18
084000037000001 - VODKA JELZIN BOT 70CL;0.0;5.7;0.0;0.0;0.0;0.0;0.0;0.0;0.0;0.0;0.0;0.0;5.7
084000038000001 - VODKA JELZIN LICOR DE FRESAS BOT 70CL;0.0;5.05;0.0;0.0;0.0;0.0;0.0;0.0;0.0;0.0;0.0;0.0;5.05
084000039000001 - VODKA JELZIN POWER GOLD BOT 70CL;0.0;5.05;0.0;0.0;0.0;0.0;0.0;0.0;0.0;0.0;0.0;0.0;5.05
084000039000006 - VODKA JELZIN POWER GOLD CAJA 6 X 70CL;0.0;0.0;0.0;0.0;0.0;0.0;0.0;0.0;0.0;0.0;0.0;0.0;0.0
084000040000001 - VODKA JELZIN BLACK LICOR BOT 70CL;0.0;5.05;0.0;0.0;0.0;0.0;0.0;0.0;0.0;0.0;0.0;0.0;5.05
084000041000001 - VODKA JELZIN LICOR MANZANAS BOT 70CL;0.0;5.06;0.0;0.0;0.0;0.0;0.0;0.0;0.0;0.0;0.0;0.0;5.06
084000042000001 - VODKA JELZIN LICOR CEREZAS BOT 70CL;0.0;5.05;0.0;0.0;0.0;0.0;0.0;0.0;0.0;0.0;0.0;0.0;5.05
084000045000001 - JP.CHENET CABERNET SYRAH TTO 1.5L ;0.0;0.0;0.0;0.0;0.0;0.0;0.0;0.0;0.0;0.0;0.0;0.0;0.0
084000047000001 - FRANCOIS MONTAND CHARD-BRUT 75 CL ;0.0;0.0;0.0;0.0;0.0;0.0;0.0;0.0;0.0;0.0;0.0;0.0;0.0
084000047000006 - FRANCOIS MONTAND CHARD-BRUT 6X75 CL ;940.8;0.0;0.0;106.81;0.0;685.94;36.02;1602.01;136.16;2563.89;232.75;210.45;6514.83
084000048000001 - FRANCOIS MONTAND CHARD-BRUT 1.5L BOT 1.5L;0.0;0.0;0.0;0.0;0.0;0.0;0.0;0.0;0.0;0.0;0.0;0.0;0.0
084000048000003 - FRANCOIS MONTAND CHARD-BRUT 1.5L CAJA 3 X 1.5L;0.0;0.0;0.0;0.0;0.0;158.47;0.0;792.0;0.0;1584.01;0.0;54.66;2589.14
084000052000001 - ROSIERE BLANCO SEMISECO BOT 75CL;37.5;38.3;0.0;0.0;0.0;0.0;0.0;0.0;0.0;0.0;0.0;0.0;75.8
084000052000006 - ROSIERE BLANCO SEMISECO CAJA 6 X 75CL;79.5;15.67;102.16;31.34;62.66;504.7;235.01;444.96;313.37;250.7;407.36;734.91;3182.34
084000057000006 - F.MONTAND PINOT NERO CAJA 6 X 75CL;283.8;0.0;54.72;0.0;0.0;334.66;0.0;0.0;0.0;2511.0;0.0;0.0;3184.18
084000058000024 - FRANCOIS MONTAND CHARD-BRUT CAJA 24 X 20CL;42.84;0.0;0.0;0.0;0.0;0.0;0.0;0.0;0.0;0.0;0.0;0.0;42.84
084000064000006 - BRUT DARGENT ROSï¿½ 1.5L CAJA 6 X 1.5L;0.0;0.0;0.0;0.0;0.0;0.0;0.0;0.0;0.0;0.0;0.0;0.0;0.0
084000067000006 - RON CUERPO BLANCO CAJA 6X70CL;0.0;0.0;0.0;0.0;0.0;0.0;0.0;0.0;0.0;0.0;0.0;0.0;0.0
084000068000006 - RON CUERPO AMBRE CAJA 6X70CL;36.72;0.0;0.0;0.0;0.0;0.0;0.0;0.0;0.0;0.0;0.0;0.0;36.72
084000069000001 - JP CHENET BRANDY XO BOT 70CL;0.0;0.0;0.0;0.0;0.0;0.0;0.0;0.0;0.0;0.0;0.0;0.0;0.0
084000069000006 - JP CHENET BRANDY XO CAJA 6X70CL;45.39;0.0;45.9;45.9;45.9;270.1;137.7;183.6;275.4;45.9;91.8;361.9;1549.49
084000070000001 - TEQUILA AGAVITA BCO BOT 70CL;156.0;193.83;0.0;0.0;0.0;0.0;0.0;0.0;0.0;0.0;0.0;0.0;349.83
084000070000006 - TEQUILA AGAVITA BLANCO CAJA 6X70CL;0.0;0.0;386.69;171.08;0.0;0.0;0.0;0.0;0.0;0.0;0.0;0.0;557.77
084000071000001 - TEQUILA AGAVITA GOLD BOT 70CL;0.0;26.73;44.55;0.0;44.55;0.0;0.0;0.0;44.55;44.55;0.0;89.1;294.03
084000071000006 - TEQUILA AGAVITA GOLD CAJA 6X70CL;0.0;0.0;45.44;0.0;0.0;0.0;0.0;0.0;0.0;0.0;0.0;0.0;45.44
084000072000001 - TEQUILA AGAVITA Aï¿½EJO BOT 70CL;0.0;0.0;0.0;53.92;0.0;0.0;0.0;0.0;0.0;0.0;0.0;0.0;53.92
084000072000006 - TEQUILA AGAVITA Aï¿½EJO CAJA 6X70CL;0.0;0.0;0.0;0.0;0.0;0.0;0.0;0.0;0.0;0.0;199.62;0.0;199.62
084000073000001 - ESTUCHE JP CHENET RESERVA 2BOT ;0.0;0.0;0.0;0.0;0.0;51.3;0.0;0.0;0.0;166.8;0.0;0.0;218.1
084000082000001 - CHATEAU Dï¿½ARCHE SAUTERNES 06ï¿½ BLANCO BOT 37.5CL;0.0;0.0;60.0;0.0;0.0;0.0;0.0;0.0;0.0;0.0;0.0;0.0;60.0
084000082000012 - CHATEAU Dï¿½ARCHE SAUTERNES 06ï¿½ BLANCO CAJA 12 BOT X 37.5CL;0.0;0.0;576.0;0.0;0.0;0.0;0.0;0.0;0.0;0.0;0.0;0.0;576.0
084000086000001 - JP CHENET ICE BLANCO 75CL BOT 75CL;0.0;28.6;0.0;0.0;0.0;0.0;0.0;0.0;0.0;1263.36;0.0;0.0;1291.96
084000086000006 - JP CHENET ICE BLANCO 75CL CAJA 6 BOT X 75CL;0.0;384.76;1857.08;795.25;25.74;1971.04;96.64;1455.6;388.07;362.16;2633.67;752.32;10722.33
084000088000001 - HXM INSPIRATION RIESLING BOT 75CL;0.0;0.0;0.0;0.0;0.0;0.0;0.0;0.0;0.0;0.0;0.0;0.0;0.0
084000088000006 - HXM INSPIRATION RIESLING CAJA 6  X 75CL;0.0;15.78;36.81;35.82;0.0;74.03;0.0;0.0;0.0;67.68;36.02;20.3;286.44
084000089000006 - HXM INSPIRATION LIEBFRAUMILCH CAJA 6 X75CL;49.11;0.0;0.0;0.0;0.0;0.0;0.0;0.0;16.2;0.0;0.0;0.0;65.31
084000092000006 - FRANCOIS MONTAND ICE BLANCO CAJA 6 X 75CL;0.0;0.0;0.0;0.0;0.0;307.48;0.0;0.0;0.0;1474.57;1290.25;0.0;3072.3
084000093000001 - CHEMIN DES PAPES COTES DE RHON BOT 75CL;0.0;0.0;0.0;0.0;0.0;0.0;0.0;0.0;0.0;0.0;0.0;0.0;0.0
084000093000006 - CHEMIN DES PAPES COTES DE RHON CAJA 6 X 75CL;0.0;26.01;0.0;61.2;0.0;211.62;0.0;0.0;26.01;0.0;0.0;53.55;378.39
084000108000001 - JP CHENET ICE ROSï¿½ 75CL ;0.0;29.35;0.0;0.0;0.0;0.0;0.0;0.0;0.0;0.0;0.0;0.0;29.35
084000108000006 - JP CHENET ICE ROSï¿½ 6X75CL ;138.0;464.13;2301.87;770.95;50.47;1766.07;193.72;1397.04;511.77;1212.61;2585.61;852.78;12245.02
084000109000006 - BRUT Dï¿½ARGENT ICE ROSADO 6X1.5 L ;0.0;0.0;0.0;0.0;0.0;0.0;0.0;0.0;0.0;0.0;0.0;0.0;0.0
084000116000001 - CHEMIN DES PAPES CHATEAUNEUF BOT 75CL;0.0;0.0;0.0;0.0;0.0;0.0;0.0;0.0;0.0;0.0;0.0;0.0;0.0
084000116000006 - CHEMIN DES PAPES CHATEAUNEUF 6X75 CL ;97.92;0.0;0.0;0.0;0.0;223.33;0.0;0.0;0.0;117.54;117.54;99.91;656.24
084000118000006 - PASQUIER DESVINGES CHABLIS BCO 6X75CL ;0.0;53.58;0.0;0.0;0.0;0.0;0.0;0.0;0.0;0.0;0.0;0.0;53.58
084000119000006 - CALVET RESERVE MERLOT-CABERT 6X75CL ;31.11;0.0;0.0;0.0;0.0;0.0;0.0;0.0;33.64;0.0;0.0;31.77;96.52
084000120000006 - CHT CLERAY MUSCADET SEVRE 6X75CL ;0.0;0.0;33.3;0.0;0.0;33.3;0.0;0.0;0.0;0.0;0.0;35.26;101.86
084000123000001 - CALVET RESERV DU CIRON-SAUTER  BCO 50CL ;27.65;0.0;0.0;0.0;0.0;0.0;0.0;0.0;0.0;0.0;0.0;0.0;27.65
084000123000006 - CALVET RESRV DU CIRON-SAUTER BCO 6X50CL ;0.0;154.86;0.0;0.0;0.0;94.28;0.0;0.0;0.0;0.0;99.24;44.66;393.04
084000124000006 - CHT HAUT MOULEYRE BORDEAUX 6X75CL ;0.0;0.0;0.0;0.0;0.0;0.0;33.37;0.0;0.0;0.0;33.37;0.0;66.74
084000125000006 - D.BAUME GRAND CHATAIGNIER PAY 6X75CL ;0.0;0.0;0.0;0.0;0.0;34.07;68.14;0.0;0.0;34.07;68.14;34.07;238.49
084000126000006 - D.BAUME VIGNES DE MADAME PAYS 6X75CL ;31.87;0.0;0.0;0.0;32.18;64.36;0.0;0.0;0.0;0.0;34.07;96.54;259.02
084000129000006 - CHT BEL AIR Lï¿½ORME BORDEAU 6X75CL ;140.09;0.0;83.28;20.82;104.1;20.82;104.1;0.0;338.44;192.7;145.74;83.28;1233.37
084000130000001 - CHT BEAUBOURG COTES DE BOURG TTO 75CL ;0.0;0.0;0.0;0.0;0.0;0.0;0.0;0.0;0.0;0.0;0.0;0.0;0.0
084000134000006 - CHT CLAIR MOULIN MEDOC 6X75CL ;28.81;0.0;0.0;0.0;0.0;0.0;0.0;0.0;0.0;0.0;0.0;0.0;28.81
084000135000001 - JP CHENET ICE BLANCO 20CL ;0.0;36.8;0.0;0.0;0.0;0.0;0.0;0.0;0.0;0.0;0.0;0.0;36.8
084000135000006 - JP CHENET ICE BLANCO 6X20CL ;0.0;0.0;0.0;0.0;0.0;0.0;9.38;0.0;0.0;0.0;0.0;0.0;9.38
084000135000024 - JP CHENET ICE BLANCO 6X4X20CL ;0.0;421.06;315.65;905.45;35.33;489.3;99.22;44.16;383.23;223.6;718.5;293.09;3928.59
084000136000001 - JP CHENET ICE ROSï¿½ 20CL ;0.0;73.6;0.0;0.0;0.0;0.0;0.0;0.0;0.0;33.12;0.0;0.0;106.72
084000136000006 - JP CHENET ICE ROSï¿½ 6X20CL ;0.0;0.0;0.0;0.0;0.0;0.0;9.38;0.0;0.0;11.04;0.0;0.0;20.42
084000136000024 - JP CHENET ICE ROSï¿½ 6X4X20CL ;36.72;385.73;280.32;637.85;102.58;524.63;226.99;44.16;479.06;197.26;803.6;388.85;4107.75
084000137000001 - CHATEAU DE FABREGUES 75CL ;0.0;0.0;0.0;0.0;0.0;0.0;0.0;0.0;0.0;0.0;0.0;0.0;0.0
084000137000006 - CHATEAU DE FABREGUES 6X75CL ;0.0;0.0;0.0;93.96;125.28;31.32;187.92;0.0;345.82;188.57;63.94;189.87;1226.68
084000139000004 - MADEMOISELLE COMEDIE BURD ROSï¿½ 4X3L ;0.0;0.0;0.0;0.0;0.0;0.0;0.0;0.0;0.0;0.0;0.0;0.0;0.0
084000140000001 - CHEMIN DES SABLES MEDITERRANEE 75CL ;2.52;0.0;0.0;0.0;0.0;0.0;0.0;0.0;0.0;0.0;0.0;0.0;2.52
084000140000006 - CHEMIN DES SABLES MEDITERRANEE 6X75CL ;30.0;18.36;71.23;18.77;99.37;333.9;281.59;210.67;394.62;190.16;266.31;242.47;2157.45
084000141000006 - MADEMOISELLE COMEDIE BOURDEAUX 6X75CL ;0.0;0.0;25.02;0.0;0.0;0.0;0.0;0.0;0.0;0.0;0.0;0.0;25.02
084000144000006 - DOMAINE TOULAL GUERROUANE-ROSE 6X75CL ;0.0;0.0;0.0;0.0;0.0;0.0;0.0;600.0;0.0;0.0;0.0;0.0;600.0
084000145000006 - DOMAINE DU TOULAL TTO 6X75CL ;19.14;180.0;85.5;120.0;210.0;85.5;60.0;180.0;120.0;180.0;360.0;300.0;1900.14
084000148000001 - DOM. THOLOMIES MERLOT BIO TTO 75CL ;0.0;0.0;5.12;0.0;0.0;0.0;0.0;0.0;0.0;0.0;0.0;0.0;5.12
084000148000006 - DOM.THOLOMIES MERLOT BIO TTO 6X75CL ;34.37;176.9;70.18;0.0;71.63;0.0;36.54;0.0;0.0;36.54;0.0;0.0;426.16
084000149000001 - TOURELLE THOLOMIES CHARDONNAY 75CL ;0.0;0.0;0.0;0.0;0.0;0.0;-6.21;0.0;0.0;-17.54;0.0;0.0;-23.75
084000149000006 - TOURELLE THOLOMIES CHARDONNAY 6X75CL ;70.89;144.0;72.37;72.37;108.91;74.56;36.54;0.0;0.0;36.54;37.28;74.56;728.02
084000150000006 - CALVET SELLETIONS DES PRINCES 6X75CL ;36.46;0.0;0.0;0.0;0.0;0.0;0.0;0.0;0.0;0.0;0.0;0.0;36.46
084000156000006 - CHATEAU LAMARQUE MEDOC 6X75CL ;0.0;0.0;0.0;0.0;0.0;95.85;0.0;0.0;0.0;0.0;0.0;0.0;95.85
084000157000001 - JPCHENET RESERVE MERLOT TTO 75CL ;0.0;25.25;50.5;0.0;0.0;0.0;0.0;0.0;0.0;0.0;0.0;0.0;75.75
084000157000006 - JPCHENET RESERVE MERLOT TTO 6X75CL ;25.19;27.27;25.75;0.0;0.0;0.0;0.0;0.0;0.0;0.0;48.48;0.0;126.69
084000158000001 - JP CHENET ICE BLANCO 1.5 L ;0.0;0.0;0.0;0.0;0.0;0.0;0.0;0.0;33.84;0.0;0.0;-111.81;-77.97
084000158000006 - JP CHENET ICE BLANCO 6X1.5 L ;0.0;0.0;0.0;50.76;0.0;0.0;0.0;67.68;0.0;0.0;54.14;223.34;395.92
084000159000001 - JP CHENET ICE ROSE 1.5 L ;0.0;0.0;0.0;0.0;0.0;0.0;0.0;0.0;22.76;0.0;0.0;-113.01;-90.25
084000159000006 - JP CHENET ICE ROSE 6X1.5 L ;56.86;0.0;0.0;0.0;0.0;58.04;54.62;68.28;0.0;122.9;0.0;163.87;524.57
084000160000001 - PORTO VALDOURO TAWNY 75 CL ;0.0;0.0;0.0;0.0;0.0;0.0;0.0;0.0;0.0;0.0;0.0;0.0;0.0
084000160000006 - PORTO VALDOURO TAWNY 6X75 CL ;0.0;0.0;0.0;0.0;0.0;0.0;0.0;0.0;0.0;0.0;0.0;0.0;0.0
084000161000001 - PORTO VALDOURO RUBY 75 CL ;0.0;0.0;0.0;0.0;0.0;0.0;0.0;0.0;0.0;0.0;0.0;0.0;0.0
084000161000006 - PORTO VALDOURO RUBY 6X75 CL ;0.0;0.0;0.0;0.0;0.0;0.0;0.0;0.0;0.0;0.0;0.0;0.0;0.0
084000162000001 - GINEBRA DARGENT ROSE 70CL ;0.0;15.98;11.53;0.0;0.0;0.0;0.0;0.0;0.0;0.0;0.0;0.0;27.51
084000162000006 - GINEBRA DARGENT ROSE 6X70CL ;0.0;67.8;0.0;0.0;0.0;0.0;0.0;0.0;0.0;0.0;0.0;0.0;67.8
084000166000006 - JPCHENET RESERVE CHARD-VIOGN 6X75CL ;26.01;46.73;0.0;22.74;0.0;0.0;136.44;22.74;90.96;45.48;68.22;0.0;459.32
084000168000006 - CALVET CREMANT ROSE BORDEAUX 6X75CL ;0.0;39.07;0.0;0.0;0.0;0.0;39.07;0.0;0.0;0.0;0.0;0.0;78.14
084000169000006 - CALVET SAINT EMILION BORDEAUX 6X75CL ;0.0;0.0;0.0;0.0;89.56;0.0;0.0;0.0;0.0;44.78;0.0;44.78;179.12
084000170000006 - JP CHENET FASHION PEACH 6X75CL ;0.0;0.0;403.19;0.0;0.0;428.64;34.32;676.8;0.0;610.08;34.32;0.0;2187.35
084000171000006 - JP CHENET FASHION APPLE 6X75CL ;0.0;0.0;403.19;0.0;0.0;564.0;34.32;496.32;0.0;610.08;34.32;51.48;2193.71
084000172000001 - JP CHENET SPARKLING BRUT 1.5 L ;0.0;0.0;0.0;0.0;0.0;0.0;0.0;0.0;0.0;0.0;0.0;0.0;0.0
084000172000006 - JP CHENET SPARKLING BRUT 6X1.5L ;46.41;0.0;0.0;0.0;0.0;0.0;0.0;0.0;0.0;0.0;0.0;0.0;46.41
084000173000006 - JP CHENET FASHION LITCHI 6X75CL ;0.0;77.22;454.67;25.98;0.0;564.0;34.32;676.8;0.0;575.76;34.32;0.0;2443.07
084000174000001 - CALENDARIO ADVIENTO CHENET ;0.0;0.0;259.99;0.0;0.0;1040.0;0.0;0.0;26.54;2649.1;500.28;75.64;4551.55
084000175000001 - JP CHENET ICE BCO Tï¿½O IMPORTA (1.5-0.75-0.20) ;0.0;140.2;210.3;154.22;140.2;84.12;70.1;0.0;28.04;0.0;519.56;506.78;1853.52
084000176000001 - JP CHENET BRUT Tï¿½O IMPORTA(1.5-0.75-0.20)  ;0.0;0.0;0.0;0.0;0.0;0.0;0.0;0.0;0.0;0.0;0.0;0.0;0.0
084000177000006 - FRANCOIS MONTAND ROSï¿½ ICE 6X75CL ;0.0;0.0;0.0;0.0;0.0;0.0;36.02;0.0;0.0;0.0;0.0;0.0;36.02
084000178000006 - JP CHENET FASHION PINEAPPLE 6X75CL ;0.0;0.0;403.19;0.0;0.0;406.08;34.32;631.68;0.0;542.01;0.0;0.85;2018.13
084000182000001 - CALVET CELEBRATION BRUT BOT. 75CL;0.0;0.0;0.0;0.0;0.0;0.0;0.0;0.0;0.0;0.0;0.0;0.0;0.0
084000182000006 - CALVET CELEBRATION BRUT CAJA 6X75CL;0.0;35.19;0.0;0.0;0.0;0.0;198.0;330.0;0.0;0.0;0.0;137.8;700.99
084000183000001 - CALVET CELEBRATION BRUT ROSE BOT.75CL;0.0;0.0;0.0;0.0;0.0;0.0;0.0;0.0;0.0;0.0;0.0;0.0;0.0
084000183000006 - CALVET CELEBRATION BRUT ROSE CAJA 6X75CL;0.0;0.0;0.0;0.0;0.0;0.0;264.0;330.0;0.0;0.0;0.0;71.8;665.8
084000184000006 - CALVET CONVERSATION CAJA 6X75CL;28.8;218.95;370.46;134.49;166.68;605.33;452.52;387.02;729.96;882.58;1092.67;1001.38;6070.84
084000185000006 - LA ROCHE BRUT CAJA 6X75CL;0.0;0.0;0.0;0.0;0.0;0.0;0.0;0.0;0.0;0.0;0.0;0.0;0.0
084000186000001 - JP CHENET ICE ROSE Tï¿½O IMPORTA PACK 3 BOT. (1.5-0.75-0.20);0.0;140.2;140.2;224.32;140.2;42.06;84.12;0.0;112.16;0.0;549.1;508.86;1941.22
084000187000001 - MOILLARD GRIVOT CHABLIS BCO 75 CL;0.0;0.0;0.0;0.0;0.0;0.0;0.0;0.0;0.0;0.0;0.0;0.0;0.0
084000187000006 - MOILLARD GRIVOT CHABLIS BCO CAJA 6X75 CL;0.0;0.0;0.0;134.84;0.0;134.84;0.0;171.0;210.22;125.04;395.47;309.41;1480.82
084000188000006 - MOILLARD GRIVOT PINOT NOIR TTO CAJA 6X75CL;92.16;45.72;89.16;0.0;0.0;0.0;0.0;45.73;99.96;89.16;44.58;89.16;595.63
084000189000001 - MOILLARD GRIVOT CHARDONNAY 75CL;0.0;0.0;0.0;0.0;0.0;0.0;0.0;0.0;0.0;0.0;0.0;0.0;0.0
084000189000006 - MOILLARD GRIVOT CHARDONNAY CAJA 6X75CL;0.0;48.12;0.0;0.0;0.0;0.0;0.0;48.13;0.0;0.0;140.76;49.13;286.14
084000211000006 - JP CHENET DELICIOUS RDO CAJA 6 BOT X 75CL;0.0;0.0;20.35;0.0;0.0;350.4;0.0;551.04;0.0;25.44;0.0;0.0;947.23
084000212000001 - JP CHENET DELICIOUS TTO 75CL;0.0;0.0;0.0;0.0;0.0;0.0;0.0;0.0;0.0;0.0;0.0;0.0;0.0
084000212000006 - JP CHENET DELICIOUS TTO CAJA 6 BOT X 75CL;37.34;49.8;58.51;19.08;0.0;350.4;0.0;551.04;25.44;25.44;0.0;0.0;1117.05
084000213000001 - JP CHENET DELICIOUS BCO 75CL;0.0;0.0;0.0;0.0;0.0;0.0;12.72;0.0;0.0;0.0;0.0;0.0;12.72
084000213000006 - JP CHENET DELICIOUS BCO CAJA 6 BOT X 75CL;37.34;68.88;79.7;63.57;44.52;411.86;0.0;551.04;63.6;69.96;63.6;38.16;1492.23
084000217000001 - FLEURS DE PRAIRIE 1.5 L 1.5L;0.0;0.0;0.0;0.0;0.0;0.0;0.0;0.0;0.0;0.0;0.0;0.0;0.0
084000218000001 - CHATEAU PEYREDOULLE MGN BOTELLA 1.5 CAJA MADERA;0.0;0.0;0.0;0.0;0.0;0.0;0.0;0.0;0.0;0.0;0.0;0.0;0.0
084000219000001 - FLEURS DE PRAIRIE 0.75CL;0.0;0.0;0.0;0.0;0.0;0.0;0.0;0.0;0.0;0.0;0.0;0.0;0.0
084000219000006 - FLEURS DE PRAIRIE 6X0.75CL;0.0;0.0;0.0;0.0;0.0;94.16;0.0;0.0;0.0;0.0;49.56;49.56;193.28
084000220000024 - JP CHENET FIZZY ROSï¿½ LATA 24 X 250 ML;0.0;0.0;0.0;0.0;0.0;85.77;388.64;0.0;414.7;57.18;0.0;28.59;974.88
084000221000006 - ARTHUR METZ 110 CREMANT ALSACE CON ESTUCHE;0.0;0.0;0.0;0.0;0.0;0.0;0.0;0.0;88.13;0.0;0.0;0.0;88.13
084000224000006 - MOILLARD BRUT CREMANT BOURG ;0.0;0.0;0.0;0.0;0.0;0.0;0.0;0.0;0.0;0.0;0.0;44.58;44.58
084000225000006 - MOILLARD ROSE CREMANT BOURG ;0.0;0.0;0.0;0.0;0.0;0.0;0.0;0.0;0.0;0.0;18.35;44.58;62.93
088000002000001 - PACK IPA SELECCION 6 BOT. 6 BOT.;0.0;0.0;0.0;0.0;0.0;0.0;0.0;0.0;0.0;181.8;92.65;18.18;292.63
088000003000001 - ARTESANA SELECCION 24 X 24 BOT.;0.0;0.0;0.0;0.0;0.0;0.0;0.0;0.0;0.0;635.36;223.03;60.8;919.19
088000004000001 - PACK PALE ALE SELECCION 6 BOT.;0.0;0.0;0.0;0.0;0.0;0.0;0.0;0.0;0.0;0.0;72.28;9.09;81.37
088000005000001 - PACK SUSHI & BEER ;0.0;0.0;0.0;0.0;0.0;0.0;0.0;0.0;0.0;12.51;694.66;47.26;754.43
088000006000001 - PACK SIN ALCOHOL 6 BOT ;0.0;0.0;0.0;0.0;0.0;0.0;0.0;0.0;0.0;0.0;61.49;0.0;61.49
089000005000001 - IL VENEZIANO LAMBRUSCO FRIZZ BOT 75CL(RDO);0.0;0.0;2.0;0.0;0.0;0.0;0.0;0.0;0.0;0.0;0.0;0.0;2.0
089000005000006 - IL VENEZIANO LAMBRUSCO FRIZZ CAJA 6 X 75CL(RDO);0.0;0.0;48.0;10.0;9.6;0.0;19.8;0.0;0.0;0.0;0.0;9.0;96.4
089000006000006 - FRIZZANTE IL VENEZIANO TINTO CAJA 6 X 75CL;0.0;0.0;0.0;0.0;0.0;0.0;9.0;0.0;0.0;0.0;0.0;9.0;18.0
089000007000006 - IL VENEZIANO LAMBRUSCO FRIZZ CAJA 6 X 75CL;0.0;21.6;0.0;0.0;0.0;0.0;0.0;0.0;0.0;0.0;0.0;0.0;21.6
089000009000001 - IL VENEZIANO MOSCATO BOT 75CL;0.0;0.0;0.0;0.0;0.0;0.0;0.0;0.0;0.0;0.0;0.0;0.0;0.0
089000009000006 - IL VENEZIANO MOSCATO CAJA 6 X 75CL;36.0;49.95;37.38;12.24;70.99;12.24;0.0;0.0;22.63;0.0;0.0;52.37;293.8
089000014000001 - MARSALA FINE WINE BOT. 75CL;0.0;0.0;0.0;0.0;0.0;0.0;0.0;0.0;0.0;0.0;0.0;0.0;0.0
089000014000012 - MARSALA FINE WINE CAJA 12 X 75CL;50.9;0.0;30.36;51.6;0.0;0.0;0.0;1032.0;0.0;51.6;0.0;0.0;1216.46
089000017000001 - IL VENEZIANO MOSCATO BOT 37.5 CL;0.0;0.0;0.0;0.0;0.0;0.0;0.0;0.0;0.0;0.0;0.0;0.0;0.0
089000017000012 - IL VENEZIANO MOSCATO CAJA 12 X 37.5 CL;0.0;0.0;162.28;18.0;0.0;0.0;96.18;0.0;0.0;120.23;18.0;0.0;414.69
089000018000006 - BAROLO CACCIOTORA NEBBIOLO CAJA 6X75 CL;0.0;246.84;0.0;170.52;0.0;0.0;0.0;0.0;0.0;0.0;0.0;0.0;417.36
089000019000001 - IL VENEZIANO PROSECO BOT 75CL;0.0;0.0;0.0;0.0;0.0;0.0;0.0;0.0;0.0;0.0;0.0;0.0;0.0
089000019000006 - IL VENEZIANO PROSECO CAJA 6X75 CL;0.0;0.0;90.9;22.44;120.06;0.0;25.75;0.0;27.27;0.0;135.36;0.0;421.78
089000021000006 - VERMENTINO SARDEGNA CACCIOTORA CAJA 6 X 75CL(BCO);0.0;21.1;0.0;21.1;0.0;0.0;0.0;0.0;21.1;0.0;0.0;0.0;63.3
089000023000001 - PRIMITIVO TARANTINO CACCIOTORA BOT. 75 CL(TTO);0.0;0.0;4.32;0.0;0.0;0.0;0.0;0.0;0.0;0.0;0.0;0.0;4.32
089000024000001 - BARDOLINO CALDIROLA TTO. BOT. 75 CL;0.0;0.0;3.93;0.0;0.0;0.0;0.0;0.0;0.0;0.0;0.0;0.0;3.93
089000024000006 - BARDOLINO CALDIROLA TTO. CAJA 6 X 75CL;0.0;0.0;0.0;0.0;0.0;0.0;0.0;0.0;0.0;0.0;0.0;18.86;18.86
089000026000001 - MONTE ABRUZZO CACCIOTORA TTO. BOT. 75 CL;0.0;0.0;3.27;0.0;0.0;0.0;0.0;0.0;0.0;0.0;0.0;0.0;3.27
089000027000001 - SANGIOVESE CALDIROLA TTO. BOT. 75 CL.;0.0;0.0;2.89;0.0;0.0;0.0;0.0;0.0;0.0;0.0;0.0;0.0;2.89
089000027000006 - SANGIOVESE CALDIROLA TTO. CAJA 6 X 75CL;0.0;14.44;0.0;0.0;0.0;0.0;0.0;0.0;0.0;0.0;0.0;0.0;14.44
091000001000006 - AMARETTO FLAMINIA CAJA 6X 70CL;0.0;0.0;25.79;0.0;0.0;0.0;0.0;0.0;0.0;0.0;0.0;0.0;25.79
091000002000006 - GRAPPA CAï¿½DARIO CAJA 6 X 70CL;0.0;0.0;0.0;0.0;0.0;31.26;0.0;0.0;6869.59;0.0;0.0;0.0;6900.85
091000003000006 - LIMONCELLO GOLFODORO CAJA6X70CL;22.5;43.6;21.7;0.0;0.0;0.0;0.0;0.0;168.22;0.0;7466.02;0.0;7722.04
091000004000006 - SAMBUCA IMPERIALE CAJA 6X70CL;0.0;0.0;0.0;0.0;0.0;0.0;0.0;0.0;0.0;0.0;0.0;0.0;0.0
091000005000006 - LIMONCELLO IGP SORRENTO CAJA 6 X 50CL;0.0;28.02;0.0;0.0;0.0;0.0;0.0;0.0;0.0;0.0;0.0;0.0;28.02
093000001000001 - HERMON CABERNET SAUVIGN.MERLOT BOT 75CL(TTO);0.0;0.0;5.65;0.0;0.0;0.0;0.0;0.0;0.0;0.0;0.0;0.0;5.65
093000001000006 - HERMON CABERNET SAUVIGN.MERLOT CAJA 6 X75CL(TTO);223.86;0.0;0.0;0.0;0.0;225.13;72.36;0.0;38.52;72.36;0.0;0.0;632.23
093000002000006 - HERMON CHARDONANAY VIOGNIER CAJA 6 X 75CL(BCO);0.0;0.0;0.0;0.0;0.0;113.76;0.0;0.0;38.52;72.36;0.0;0.0;224.64
093000003000006 - GAMLA CHARDONNAY CAJA 6X75 CL;0.0;0.0;0.0;0.0;0.0;142.92;0.0;0.0;0.0;0.0;0.0;0.0;142.92
093000004000001 - GAMLA MERLOT BOT. 75 CL;0.0;0.0;0.0;0.0;0.0;0.0;0.0;0.0;0.0;0.0;0.0;0.0;0.0
093000004000006 - GAMLA MERLOT CAJA 6X75 CL;160.2;0.0;405.94;247.51;101.41;640.88;203.41;101.41;0.0;50.71;0.0;149.81;2061.28
093000005000006 - YARDEN SYRAH TINTO CAJA 6X75 CL;0.0;0.0;96.0;96.0;0.0;83.04;0.0;0.0;96.0;0.0;195.06;0.0;566.1
093000006000006 - YARDEN CABERNET SAUVIGNON TTO CAJA 6X75 CL;0.0;0.0;0.0;117.24;105.52;293.51;0.0;1005.52;4500.01;3811.03;3627.24;2430.0;15890.07
093000007000006 - YARDEN VIOGNIER BLANCO CAJA 6X75 CL;0.0;0.0;0.0;0.0;0.0;49.2;0.0;0.0;0.0;0.0;0.0;0.0;49.2
093000008000012 - LES FLOREALES CHARDONNAY CAJA 12X75 CL;0.0;99.96;216.0;0.0;0.0;141.12;0.0;0.0;0.0;0.0;0.0;0.0;457.08
093000009000012 - LES FLOREALES MOSCATO CAJA 12X75 CL;0.0;181.44;0.0;0.0;0.0;368.96;0.0;0.0;0.0;0.0;66.12;0.0;616.52
093000010000012 - LES FLOREALES MERLOT ROSADO CAJA 12 X 75CL;0.0;99.96;54.0;48.0;0.0;193.92;0.0;0.0;0.0;0.0;0.0;0.0;395.88
093000011000006 - HERMON MOSCATO - MOSCATEL CAJA 6 X 75CL;0.0;0.0;108.94;0.0;0.0;293.72;0.0;0.0;0.0;0.0;0.0;0.0;402.66
093000012000001 - LES FLOREALES MERLOT TINTO BOT. 75 CL;0.0;0.0;0.0;0.0;0.0;0.0;0.0;0.0;0.0;0.0;0.0;0.0;0.0
093000012000012 - LES FLOREALES MERLOT TINTO CAJA 12 X 75CL;0.0;152.88;54.0;0.0;0.0;246.72;0.0;0.0;0.0;0.0;0.0;0.0;453.6
093000013000006 - HERMON ROSï¿½ CAJA 6X75CL;0.0;0.0;0.0;0.0;0.0;75.84;0.0;0.0;0.0;0.0;0.0;0.0;75.84
094000001000001 - GATAO CANTIL ROSADO BOT 75CL;0.0;33.9;0.0;16.95;16.95;0.0;0.0;0.0;0.0;0.0;0.0;0.0;67.8
094000001000006 - GATAO CANTIL ROSADO CAJA 6X75CL;0.0;0.0;0.0;118.79;0.0;0.0;0.0;0.0;0.0;0.0;33.6;16.94;169.33
094000002000001 - GATAO CANTIL VINHO VERDE BOT. 75CL;0.0;50.85;67.8;50.85;50.85;50.85;0.0;0.0;33.9;0.0;0.0;0.0;305.1
094000002000006 - GATAO CANTIL VINHO VERDE CAJA 6X75CL;107.17;29.95;102.69;163.81;92.3;33.89;0.0;93.01;16.27;418.32;89.14;2593.69;3740.24
094000004000001 - GATAO BORDOLESA VINHO VERDE BOT 75 CL;0.0;33.7;33.7;16.85;67.4;16.85;0.0;0.0;33.7;50.55;50.55;50.55;353.85
094000004000006 - GATAO BORDOLESA VINHO VERDE CAJA 6X75CL;195.66;54.22;1284.16;435.29;849.07;585.23;611.12;195.84;2721.82;387.86;836.38;20.22;8176.87
094000005000001 - GATAO BORDOLESA ROSADO BOT 75 CL;0.0;33.7;16.85;16.85;33.7;0.0;0.0;0.0;0.0;16.85;16.85;3.37;138.17
094000005000006 - GATAO BORDOLESA ROSADO CAJA 6X75CL;0.0;0.0;16.18;0.0;32.35;16.84;0.0;0.0;0.0;0.0;0.0;0.0;65.37
094000006000001 - GATAO BORDOLESA VINHO VERDE BOT 37.5 CL;0.0;0.0;68.1;0.0;0.0;0.0;0.0;0.0;0.0;0.0;0.0;0.0;68.1
094000006000012 - GATAO BORDOLESA VINHO VERDE CAJA 12X37.5 CL;0.0;41.52;108.96;0.0;0.0;0.0;0.0;0.0;0.0;0.0;0.0;0.0;150.48
094000007000001 - PACK GATAO BORD. (2 BCO+1 RDO) PACK GATAO BORDELESA 2+1;0.0;9.44;26.96;0.0;0.0;0.0;0.0;0.0;0.0;13.48;208.94;11.22;270.04
094000007000003 - PACK GATAO BORD. (2 BCO+1 RDO) CAJA 3 PACK GATAO 2+1;147.41;236.17;447.3;0.0;165.28;336.88;89.46;0.0;318.42;343.62;208.74;149.1;2442.38
094000008000001 - QUINTA DE SIMAENS VINHO VERDE BOT 75 CL;0.0;0.0;0.0;0.0;0.0;0.0;0.0;0.0;53.6;0.0;107.2;44.65;205.45
094000008000006 - QUINTA DE SIMAENS VINHO VERDE CAJA 6X75CL;26.77;19.48;48.42;46.82;67.9;27.34;0.0;0.0;0.0;27.34;0.0;27.34;291.41
094000009000001 - BORGES ALVARINHO  BLANCO BOT 75 CL;0.0;0.0;0.0;0.0;0.0;0.0;0.0;0.0;0.0;0.0;0.0;37.91;37.91
094000009000006 - BORGES ALVARINHO  BLANCO CAJA 6X75CL;44.58;53.09;45.5;45.5;90.58;204.77;0.0;0.0;0.0;98.59;45.5;115.55;743.66
094000010000001 - BORGES AT BLANCO BOT 75 CL;0.0;0.0;0.0;0.0;0.0;0.0;0.0;0.0;0.0;0.0;0.0;0.0;0.0
094000010000006 - BORGES AT BLANCO 6 x 75 CL;0.0;29.81;59.62;0.0;0.0;59.62;29.81;0.0;59.62;89.43;29.81;29.81;387.53
094000012000001 - BORGES PORTO TAWNY BOT. 75 CL;0.0;0.0;0.0;0.0;0.0;0.0;0.0;0.0;0.0;-176.25;0.0;0.0;-176.25
094000012000006 - BORGES PORTO TAWNY CAJA 6 x 75 CL;0.0;131.59;648.18;207.73;405.03;459.75;131.59;0.0;211.96;376.93;769.19;530.7;3872.65
094000014000001 - BORGES PORTO RUBY BOT. 75 CL;0.0;0.0;70.5;0.0;0.0;35.25;0.0;0.0;0.0;0.0;0.0;0.0;105.75
094000014000006 - BORGES PORTO RUBY CAJA 6X75 CL;29.7;0.0;0.0;0.0;30.0;0.0;0.0;30.0;0.0;0.0;0.0;35.95;125.65
094000015000006 - BORGES PORTO WHITE CAJA 6X75 CL;0.0;0.0;126.9;0.0;0.0;13.45;0.0;0.0;0.0;13.45;0.0;13.45;167.25
094000018000006 - BORGES PORTO WHITE C/ESTUCHE CAJA 6x75 CL;0.0;40.34;0.0;0.0;0.0;0.0;0.0;0.0;0.0;0.0;0.0;0.0;40.34
094000019000006 - MEIA ENCOSTA D.O DAO TINTO CAJA 6x75 CL;0.0;21.6;0.0;0.0;0.0;0.0;0.0;0.0;0.0;0.0;0.0;0.0;21.6
094000021000001 - MEIA ENCOSTA D.O DAO ROSADO BOT. 75 CL;0.0;0.0;0.0;0.0;0.0;0.0;0.0;0.0;0.0;0.0;0.0;0.0;0.0
094000025000001 - PACK GATAO TIME COLLECTION PACK 3 x 75 CL;0.0;0.0;0.0;0.0;0.0;0.0;0.0;0.0;0.0;0.0;0.0;0.0;0.0
094000025000004 - PACK GATAO TIME COLLECTION CAJA 4 PACK;0.0;0.0;0.0;0.0;0.0;0.0;0.0;0.0;0.0;0.0;1919.81;0.0;1919.81
094000026000001 - PACK PORTO TAWNY RVA BORGES ;356.4;0.0;0.0;0.0;0.0;0.0;0.0;0.0;0.0;0.0;0.0;0.0;356.4
094000027000001 - CAMPANADAS BORGES 12x37.5 CL CAJA 12 BOT. x 37.5 CL;0.0;0.0;0.0;0.0;0.0;0.0;0.0;0.0;0.0;661.6;0.0;0.0;661.6
094000028000006 - PORTO TAWNY 10 Aï¿½OS 6X75CL;0.0;845.93;0.0;0.0;0.0;0.0;0.0;0.0;0.0;0.0;0.0;0.0;845.93
094000029000001 - GATAO BCO LATA 250 ML ;0.0;0.0;0.0;0.0;0.0;0.0;0.0;0.0;0.0;0.0;0.0;0.0;0.0
094000029000024 - GATAO BCO LATA 24X 250 ML ;0.0;0.0;0.0;516.26;5810.25;926.52;0.0;28.59;28.59;28.59;57.18;30.89;7426.87
094000030000006 - LELLO DOURO BLANCO CAJA 6X75CL;0.0;0.0;27.86;0.0;0.0;0.0;0.0;0.0;0.0;0.0;0.0;0.0;27.86
094000031000001 - LELLO DOURO TINTO BOT 75 CL;0.0;0.0;0.0;0.0;0.0;0.0;0.0;0.0;0.0;0.0;0.0;0.0;0.0
094000031000006 - LELLO DOURO TINTO CAJA 6X75CL;0.0;0.0;26.83;0.0;0.0;0.0;0.0;0.0;0.0;0.0;0.0;0.0;26.83
094000032000012 - LELLO DOURO TINTO CAJA 12X37.5CL;28.36;0.0;0.0;0.0;0.0;0.0;0.0;0.0;0.0;0.0;18.0;0.0;46.36
094000033000012 - LELLO DOURO BLANCO CAJA 12X37.5CL;0.0;0.0;0.0;0.0;0.0;0.0;0.0;0.0;0.0;0.0;18.0;0.0;18.0
094000034000001 - BORGES DOURO RESERVA TINTO BOT. 75CL;0.0;13.9;0.0;0.0;0.0;0.0;0.0;0.0;0.0;0.0;0.0;0.0;13.9
094000034000003 - BORGES DOURO RESERVA TINTO CAJA MADERA 3 BOT;70.2;35.83;35.83;42.57;42.57;76.63;0.0;0.0;0.0;932.28;0.0;0.0;1235.91
094000035000001 - BORGES DOURO RESERVA BLANCO BOT 75CL;0.0;0.0;0.0;0.0;0.0;0.0;0.0;0.0;0.0;0.0;0.0;0.0;0.0
094000035000003 - BORGES DOURO RESERVA BLANCO CAJA MADERA 3 BOT.;144.01;0.0;0.0;0.0;0.0;117.55;0.0;0.0;0.0;0.0;88.16;176.33;526.05
094000037000001 - PORTO TAWNY DECANTER 0.75 C/E ;0.0;0.0;0.0;0.0;0.0;0.0;0.0;0.0;0.0;11.59;0.0;0.0;11.59
094000037000003 - PORTO TAWNY DECANTER 3X75 C/E ;0.0;0.0;0.0;0.0;0.0;0.0;0.0;0.0;0.0;39.12;201.03;0.0;240.15
094000039000001 - PORTO SOALHEIRA DECANTER 10 A ;0.0;0.0;0.0;0.0;0.0;0.0;0.0;0.0;0.0;0.0;39.8;0.0;39.8
094000039000003 - PORTO SOALHEIRA DECANTER 10 A ;0.0;0.0;0.0;0.0;0.0;0.0;0.0;0.0;0.0;79.92;497.82;0.0;577.74
094000041000003 - REAL SENHOR BLANC DE BLANCS CAJA 3X0.75CL C/E;0.0;0.0;0.0;0.0;0.0;0.0;0.0;0.0;0.0;0.0;29.1;0.0;29.1
094000042000003 - REAL SENHOR BLANC DE NOIRS C/E CAJA 3X0.75CL;0.0;0.0;0.0;0.0;0.0;0.0;0.0;0.0;0.0;0.0;78.57;0.0;78.57
094000043000001 - Dï¿½O TOURIGA NACIONAL TTO ;0.0;0.0;0.0;0.0;0.0;0.0;0.0;0.0;0.0;0.0;0.0;29.56;29.56
094000043000003 - Dï¿½O TOURIGA NACIONAL TTO CAJA MADERA 3X0.75CL;0.0;0.0;0.0;0.0;0.0;0.0;0.0;0.0;0.0;168.48;88.68;44.34;301.5
094000044000001 - PACK GATAO BORD. (2 BCO+ LATA) ;0.0;0.0;0.0;0.0;0.0;0.0;0.0;0.0;0.0;13.48;0.0;0.0;13.48
094000080000001 - Q.SOALHEIRA VINHAS VELHAS DOUR BOT. 75 CL;0.0;0.0;0.0;0.0;0.0;0.0;0.0;0.0;0.0;0.0;0.0;0.0;0.0
097000100000001 - VILICUS COSECHA TINTO BOT 75 CL;-56.32;0.0;0.0;0.0;0.0;0.0;0.0;0.0;0.0;2.24;0.0;0.0;-54.08
097000100000012 - VILICUS COSECHA TINTO CAJA 12X75CL;272.66;318.54;438.57;271.99;328.15;955.21;959.83;1196.75;1207.17;1295.24;2005.05;2350.64;11599.8
097000102000012 - VILICUS COSECHA ROSADO CAJA 12X75CL;0.0;0.0;0.0;0.0;26.93;269.28;355.84;323.15;134.65;0.0;161.57;269.29;1540.71
097000103000001 - VILICUS CRIANZA TINTO BOT. 75 CL;0.0;0.0;0.0;0.0;0.0;0.0;0.0;0.0;0.0;0.0;0.0;0.0;0.0
097000103000012 - VILICUS CRIANZA TINTO CAJA 12X75CL;91.35;587.77;85.25;0.0;39.96;274.39;39.96;93.24;332.99;668.12;540.76;578.08;3331.87
097000200000001 - NUBE SEMIDULCE ROSE BOT 75CL;0.0;0.0;0.0;0.0;0.0;0.0;0.0;0.0;0.0;0.0;23.74;0.0;23.74
097000200000006 - NUBE SEMIDULCE ROSE CAJA 6X75CL;0.0;0.0;18.97;0.0;56.92;303.58;189.71;189.72;170.75;40.58;140.45;134.13;1244.81
097000201000001 - NUBE SEMIDULCE BLANCO BOT 75 CL;10.97;0.0;0.0;0.0;0.0;19.0;0.0;0.0;0.0;0.0;42.74;0.0;72.71
097000201000006 - RJA NUBE BCO SEMI-D AZUL 6X75 CAJA 6X75CL;331.28;286.16;456.45;234.02;299.38;705.55;620.51;478.16;707.93;385.97;586.2;1535.07;6626.68
097000202000001 - NUBE DE LEZA GARCIA CRIANZA BOT 75 CL;0.0;0.0;0.0;0.0;0.0;0.0;0.0;0.0;0.0;0.0;47.49;0.0;47.49
097000202000006 - NUBE DE LEZA GARCIA CRIANZA CAJA 6X75CL;188.32;135.66;113.43;228.08;497.71;42.75;67.83;0.0;90.62;135.94;2678.6;760.26;4939.2
097000203000001 - NUBE LEZA GARCIA CRIANZA TTO 1.5L ;0.0;0.0;0.0;0.0;0.0;0.0;0.0;0.0;0.0;0.0;0.0;0.0;0.0
097000204000001 - NUBE LEZA GARCIA MATURANA TTA BOT 75 CL;0.0;0.0;0.0;0.0;0.0;0.0;0.0;0.0;0.0;0.0;0.0;0.0;0.0
097000204000006 - NUBE LEZA GARCIA MATURANA TTA CAJA 6X75CL;0.0;0.0;0.0;0.0;0.0;0.0;0.0;0.0;47.4;0.0;0.0;0.0;47.4
097000300000001 - LEZA GARCIA FAMILIA CRIANZA BOT. 75CL (TTO);0.0;0.0;0.0;0.0;0.0;0.0;0.0;0.0;0.0;0.0;0.0;0.0;0.0
097000300000006 - LEZA GARCIA FAMILIA CRIANZA CAJA 6X75CL(TTO);0.0;99.36;33.12;107.64;140.76;33.12;0.0;0.0;33.12;0.0;0.0;0.0;447.12
097000301000001 - LEZA GARCIA RESERVA BOT 75 CL;0.0;0.0;5.07;0.0;0.0;0.0;0.0;0.0;0.0;0.0;0.0;0.0;5.07
097000301000006 - LEZA GARCIA RESERVA CAJA 6X75CL;27.12;34.75;173.76;0.0;0.0;0.0;0.0;0.0;34.75;0.0;0.0;69.5;339.88
097000302000001 - LEZA GARCIA TRONCOCONICA 75CL ;0.0;0.0;70.38;140.76;0.0;0.0;0.0;0.0;0.0;0.0;0.0;0.0;211.14
097000302000006 - LEZA GARCIA TRONCOCONICA 75CL CAJA DE MADERA 6x75CL;264.96;0.0;270.27;0.0;502.53;0.0;0.0;0.0;0.0;0.0;0.0;1923.28;2961.04
097000303000003 - LEZA GARCIA TRONCOCONICA 75CL CAJA DE MADERA 3x75CL;0.0;0.0;0.0;0.0;0.0;0.0;0.0;0.0;0.0;641.4;0.0;141.48;782.88
110000001000024 - TOLEDO HELLES GERMAN PILSEN 24X33CL ;0.0;75.84;37.92;37.92;37.92;0.0;0.0;0.0;0.0;0.0;0.0;0.0;189.6
110000002000001 - DOMUS AUREA SPANISH IPA 33CL ;0.0;3.65;0.0;0.0;0.0;0.0;0.0;0.0;0.0;0.0;0.0;0.0;3.65
110000002000024 - DOMUS AUREA SPANISH IPA 24X33CL ;0.0;0.0;0.0;33.41;0.0;0.0;0.0;0.0;0.0;0.0;0.0;0.0;33.41
110000003000001 - DOMUS SUMMA SCOTCH HONEY ALE 33 CL ;0.0;4.09;0.0;0.0;0.0;0.0;0.0;0.0;0.0;0.0;0.0;0.0;4.09
110000004000024 - DOMUS NINFA TRIPLE STOUT 24X33CL ;0.0;0.0;0.0;0.0;42.24;0.0;0.0;0.0;0.0;0.0;0.0;0.0;42.24
110000005000001 - CREMA DE CERVEZA 50CL ;35.05;36.87;0.0;0.0;0.0;0.0;36.87;0.0;0.0;0.0;0.0;0.0;108.79
110000005000012 - CREMA DE CERVEZA 12X50CL ;84.12;0.0;0.0;0.0;0.0;0.0;0.0;0.0;70.75;0.0;0.0;84.0;238.87
110000030000001 - BARRIL DOMUS AUREA 20L BARRIL INOX ;210.0;652.8;664.2;369.0;368.0;515.2;441.6;73.6;0.0;0.0;0.0;0.0;3294.4
112000001000001 - LEIKEIM BOT. 2L TAPON MECANICO ;0.0;0.0;0.0;0.0;0.0;0.0;0.0;0.0;0.0;0.0;0.0;0.0;0.0
130000003000001 - REYNAC PINEAU BLANCO BOT. 75CL;0.0;0.0;0.0;0.0;0.0;0.0;0.0;0.0;0.0;0.0;0.0;0.0;0.0
130000003000006 - REYNAC PINEAU BLANCO CAJA 6X75cl;0.0;0.0;0.0;0.0;0.0;0.0;0.0;0.0;0.0;0.0;0.0;0.0;0.0
130000004000001 - REYNAC PINEAU ROSE BOT. 75cl;0.0;0.0;0.0;0.0;0.0;0.0;0.0;0.0;0.0;0.0;0.0;0.0;0.0
130000004000006 - REYNAC PINEAU ROSE CAJA 6X75cl;0.0;0.0;0.0;0.0;0.0;0.0;0.0;0.0;0.0;0.0;0.0;0.0;0.0
131000002000001 - EL PENDON CASTILLO TEMPRANILLO BOT. 75CL;0.0;0.0;0.0;0.0;0.0;0.0;0.0;0.0;0.0;0.0;0.0;0.0;0.0
131000002000012 - EL PENDON CASTILLO TEMPRANILLO CAJA 12X75CL;252.0;36.0;0.0;0.0;0.0;0.0;0.0;0.0;0.0;0.0;0.0;0.0;288.0
131000003000012 - EL PENDON CASTILLO ROSADO CAJA 12X75CL;12.0;0.0;0.0;0.0;0.0;72.0;0.0;0.0;0.0;0.0;0.0;0.0;84.0
133000001000006 - VILLANUEVA ALBARIï¿½O 6X75CL ;0.0;0.0;0.0;0.0;0.0;0.0;0.0;46.2;0.0;0.0;0.0;0.0;46.2
133000002000001 - PAZO AS BARREIRAS ALBARIï¿½O 75CL;0.0;0.0;26.55;0.0;0.0;79.65;0.0;0.0;0.0;0.0;0.0;0.0;106.2
133000002000006 - PAZO AS BARREIRAS ALBARIï¿½O  6X75CL;51.98;169.88;238.86;211.27;516.06;321.8;229.41;344.3;832.8;452.4;904.8;476.75;4750.31
133000003000001 - PAZO AS BARREIRAS RIBEIRO 75CL ;0.0;0.0;25.25;0.0;0.0;0.0;0.0;0.0;0.0;0.0;0.0;0.0;25.25
133000003000006 - PAZO AS BARREIRAS RIBEIRO 6X75CL;0.0;0.0;49.48;49.48;418.2;779.84;121.2;94.68;290.88;238.98;127.26;224.22;2394.22
136000001000001 - ALIAGA LAGRIMA DE GARNACHA 75CL ;0.0;41.3;0.0;0.0;0.0;0.0;0.0;0.0;0.0;0.0;0.0;0.0;41.3
136000001000012 - ALIAGA LAGRIMA DE GARNACHA 12X75CL ;0.0;183.33;39.65;79.3;79.3;0.0;0.0;0.0;0.0;39.65;1108.9;41.28;1571.41
136000002000006 - ALIAGA DOSCARLOS SAUVIG.BCO 6X75CL ;0.0;0.0;0.0;0.0;25.44;0.0;0.0;0.0;25.44;25.44;25.44;0.0;101.76
136000003000001 - ALIAGA LORENA MUSCAT PETIT GR. 75CL ;0.0;0.0;0.0;0.0;0.0;0.0;0.0;0.0;0.0;0.0;0.0;0.0;0.0
136000003000006 - ALIAGA LORENA MUSCAT PETIT GR. 6X75CL ;0.0;25.39;25.44;0.0;25.44;76.32;25.44;25.44;76.32;25.44;0.0;0.0;305.23
136000004000001 - ALIAGA VENDIMIA TARDIA MUSCAT 50CL ;5.34;16.04;0.0;0.0;0.0;0.0;0.0;0.0;0.0;0.0;0.0;0.0;21.38
136000004000006 - ALIAGA VENDIMIA TARDIA MUSCAT 6X50CL ;0.0;82.39;0.0;34.86;38.18;45.84;0.0;0.0;82.2;44.04;44.04;34.86;406.41
136000005000001 - ALIAGA CUVEE TEMP-CABERNET SAU 75CL ;0.0;0.0;0.0;0.0;0.0;0.0;0.0;0.0;0.0;0.0;0.0;0.0;0.0
136000006000001 - ALIAGA GARNACHA VIEJA 75CL ;53.4;0.0;0.0;0.0;0.0;0.0;0.0;0.0;0.0;0.0;0.0;0.0;53.4
136000006000006 - ALIAGA GARNACHA VIEJA 6X75CL ;0.0;198.94;231.12;77.04;128.4;64.2;51.36;0.0;25.68;0.0;0.0;0.0;776.74
136000007000001 - ALIAGA HELENA SYRAH-SYRAH 75CL ;26.7;53.5;3.74;0.0;0.0;0.0;0.0;0.0;0.0;0.0;0.0;0.0;83.94
136000007000006 - ALIAGA HELENA SYRAH-SYRAH 6X75CL ;0.0;192.49;77.04;149.64;77.04;77.04;0.0;25.68;74.82;46.92;77.04;0.0;797.71
136000008000001 - ALIAGA GUREAGA CRIANZA 75CL ;0.0;0.0;5.09;0.0;0.0;0.0;0.0;0.0;0.0;0.0;0.0;0.0;5.09
136000008000006 - ALIAGA GUREAGA CRIANZA 6X75CL ;36.22;87.18;0.0;218.01;36.34;0.0;0.0;0.0;0.0;0.0;0.0;0.0;377.75
137000001000001 - FINCA L ESTANQUERA G.SELECC. TTO 75CL ;0.0;0.0;0.0;0.0;0.0;0.0;0.0;0.0;0.0;0.0;0.0;0.0;0.0
137000001000012 - FINCA L ESTANQUERA G.SELECC. TTO 12X75CL ;0.0;214.2;1144.74;214.2;61.2;211.14;367.2;0.0;223.8;91.8;223.8;285.0;3037.08
137000002000001 - VIï¿½A LASTRA SELECTO TEMP-SYRAH 75CL ;0.0;0.0;0.0;0.0;0.0;0.0;0.0;0.0;0.0;0.0;0.0;0.0;0.0
137000002000006 - VIï¿½A LASTRA SELECTO TEMP-SYRAH 6X75CL ;39.6;257.4;277.2;489.42;287.1;499.32;321.12;148.5;603.9;658.02;527.22;772.5;4881.3
137000003000001 - L`AURA FRIZZANTE BCO TAP ROSCA 75CL ;0.0;0.0;0.0;0.0;0.0;0.0;0.0;0.0;0.0;0.0;0.0;0.0;0.0
137000003000006 - L`AURA FRIZZANTE BCO TAP ROSCA 6X75CL ;0.0;134.64;233.64;264.33;67.32;158.4;146.52;9.9;99.0;39.6;39.6;94.05;1287.0
137000004000012 - FINCA L ESTANQUERA G.SELECC. BCO 6X75CL ;0.0;0.0;30.6;0.0;0.0;0.0;0.0;0.0;0.0;30.6;0.0;61.2;122.4
138000001000001 - CASAMARO VERDEJO 75CL ;0.0;0.0;0.0;0.0;0.0;0.0;0.0;0.0;0.0;0.0;0.0;0.0;0.0
138000001000012 - CASAMARO VERDEJO 12X75CL ;0.0;466.39;2491.64;1090.65;1106.5;1051.42;1543.43;938.09;1683.25;1577.26;1866.06;3891.77;17706.46
138000002000001 - FINCA TRESOLMOS CLASSIC 75CL ;0.0;0.0;0.0;0.0;0.0;0.0;0.0;0.0;0.0;0.0;0.0;0.0;0.0
138000002000006 - FINCA TRESOLMOS CLASSIC 6X75CL ;0.0;0.0;0.0;0.0;0.0;0.0;0.0;0.0;41.35;0.0;8639.99;0.0;8681.34
138000003000001 - FINCA TRESOLMOS CLASSIC 1.5L ;0.0;0.0;0.0;0.0;0.0;0.0;0.0;0.0;0.0;0.0;9.74;0.0;9.74
138000003000006 - FINCA TRESOLMOS CLASSIC 6X1.5L ;0.0;0.0;0.0;0.0;0.0;0.0;0.0;0.0;0.0;46.75;93.5;93.5;233.75
138000004000001 - FINCA TRESOLMOS LIAS 75CL ;0.0;0.0;0.0;0.0;0.0;0.0;0.0;0.0;0.0;0.0;0.0;0.0;0.0
138000004000006 - FINCA TRESOLMOS LIAS 6X75CL ;0.0;0.0;0.0;0.0;0.0;0.0;0.0;0.0;839.29;23.71;0.0;47.42;910.42
138000005000006 - FINCA TRESOLMOS LIAS 6X1.5L ;0.0;0.0;0.0;0.0;0.0;0.0;0.0;0.0;53.76;0.0;53.76;0.0;107.52
C94000001000001 - T COFFEE 100% NATURAL PAQUETE 1 KG;804.81;1291.08;759.68;379.32;482.87;574.12;606.9;287.05;254.65;498.23;430.56;430.56;6799.83
C94000001000006 - T COFFEE 100% NATURAL CAJA 6 PAQUETES 1 KG;0.0;78.0;1403.26;862.44;1031.48;1047.46;955.94;514.73;954.71;1188.21;1134.73;1295.68;10466.64
C94000001000012 - T COFFEE 100% NATURAL CAJA 12 PAQUETES 1 KG;153.61;157.48;0.0;0.0;0.0;0.0;0.0;0.0;0.0;0.0;0.0;0.0;311.09
C94000002000001 - MONODOSIS DESCAFEINADO T. CAJA 100 UDS. de 7 grs;104.15;163.77;158.98;193.67;99.36;98.87;186.25;86.9;146.5;165.89;206.72;105.8;1716.86
C94000003000001 - CAPSU T. EXPRESSO 100% NATURAL PAQ. 10 CAPSULAS;0.0;0.0;0.0;0.0;0.0;0.0;0.0;0.0;0.0;0.0;0.0;67.32;67.32
C94000003000006 - CAPSU T. EXPRESSO 100% NATURAL CAJA 6 ESTUCHES x 10 CAP.;0.0;0.0;0.0;0.0;0.0;0.0;67.32;0.0;94.25;40.39;0.0;0.0;201.96
C94000005000001 - GALLETA VERMEIREN MIX C/225 UD ;75.36;11.19;44.76;44.76;44.76;44.76;11.19;44.75;91.08;93.63;371.97;77.34;955.55
C94000006000001 - TEA GALLERY P. EARL GREY BO/30 Paquete 30 uds.;20.7;14.16;21.24;35.4;35.4;0.0;0.0;0.0;14.16;21.24;42.48;35.4;240.18
C94000008000001 - CHOCOLATE TORRIE SOLUB.VENDING PAQ. x 1 KG;0.0;0.0;0.0;0.0;0.0;0.0;0.0;0.0;0.0;0.0;0.0;0.0;0.0
C94000011000001 - TORRELSA 100% ARABICA PAQUETE 1 KG;0.0;0.0;0.0;0.0;0.0;0.0;0.0;0.0;0.0;0.0;0.0;0.0;0.0
C94000011000006 - TORRELSA 100% ARABICA CAJA 6 PAQUETES 1 KG;191.64;196.54;98.27;98.27;98.27;0.0;98.27;0.0;0.0;98.27;0.0;98.27;977.8
C94000012000001 - CASTILLO 100% NATURAL PAQUETE 1 KG;0.0;0.0;0.0;0.0;0.0;0.0;0.0;0.0;0.0;0.0;0.0;0.0;0.0
C94000012000006 - CASTILLO 100% NATURAL CAJA 6 PAQUETES 1 KG;432.0;442.86;880.26;806.52;880.38;814.32;732.72;151.87;1413.82;1042.41;1740.79;1125.37;10463.32
C94000013000001 - CASTILLO 80/20 PAQUETE 1 KG;190.6;362.77;699.91;587.93;805.96;840.93;431.92;261.95;808.84;448.01;494.4;606.88;6540.1
C94000013000006 - CASTILLO 80/20 CAJA 6 PAQUETES 1 KG;336.35;346.68;335.98;404.96;473.93;684.4;1016.93;1010.94;1212.01;1157.91;1085.94;1050.01;9116.04
C94000016000001 - Descafeinado Torrelsa GRANO PAQUETE 1 KG;151.7;180.22;449.24;265.39;364.8;509.1;304.1;164.65;521.19;700.64;812.83;420.95;4844.81
C94000016000006 - Descafeinado Torrelsa GRANO CAJA 6 PAQUETES 1 KG;71.4;0.0;0.0;0.0;0.0;0.0;73.2;0.0;0.0;127.32;163.2;164.43;599.55
C94000018000001 - Cinco Estrellas 100% Natural PAQUETE 1 KG;0.0;0.0;55.29;0.0;0.0;0.0;0.0;0.0;0.0;0.0;0.0;0.0;55.29
C94000018000006 - Cinco Estrellas 100% Natural CAJA 6 PAQUETES 1 KG;360.96;349.47;493.43;370.14;467.19;476.43;323.88;370.15;416.42;1311.92;1383.21;2195.54;8518.74
C94000019000001 - Cinco Estrellas 80/20 PAQUETE 1 KG;0.0;0.0;0.0;0.0;0.0;0.0;0.0;0.0;0.0;0.0;0.0;0.0;0.0
C94000019000006 - Cinco Estrellas 80/20 CAJA 6 PAQUETES 1 KG;397.74;328.33;594.24;436.54;443.85;443.85;257.7;71.54;379.66;379.65;372.32;221.93;4327.35
C94000021000001 - AZUCAR CAJA 1000 UDS.;111.66;136.12;230.35;211.94;184.78;221.77;162.62;94.89;177.45;295.75;341.41;304.33;2473.07
C94000022000001 - EDULCORANTE TORRELSA PAQ. 150 SOBRES;33.8;60.92;112.14;90.78;107.12;125.49;91.88;42.72;110.89;142.61;207.22;162.93;1288.5
C94000028000001 - SOLUBLE DESCAFEINADO TORRELSA PAQ. 100 SOBRES;7.61;7.61;15.62;46.86;15.62;15.62;7.81;15.62;31.24;54.67;53.11;15.62;287.01
C94000030000001 - CAPSU T. DESCAF 100% NATURAL PAQ. 10 CAPSULAS;0.0;0.0;0.0;0.0;0.0;0.0;0.0;0.0;0.0;0.0;0.0;53.86;53.86
C94000030000006 - CAPSU T. DESCAF 100% NATURAL CAJA 6 PAQ.x 10 CAPSULAS;0.0;0.0;0.0;0.0;0.0;0.0;80.78;0.0;53.86;26.93;0.0;0.0;161.57
C94000032000001 - CAPSULA TORRIE ANGOLA PAQ. 10 CAPSULAS;0.0;0.0;0.0;0.0;0.0;0.0;0.0;0.0;0.0;0.0;0.0;67.32;67.32
C94000032000006 - CAPSULA TORRIE ANGOLA CAJA 6 PAQ. x 10 CAPSULAS;0.0;0.0;0.0;0.0;0.0;0.0;67.32;0.0;94.25;40.39;0.0;0.0;201.96
C94000034000001 - CAPSU T. COLOMBIA 100% ARABICA PAQ 10 CAPSULAS;0.0;0.0;0.0;0.0;0.0;0.0;0.0;0.0;0.0;0.0;0.0;0.0;0.0
C94000047000001 - CAPS. T. NATURAL POINT EX PAQUETE 50 UDS.;87.5;269.25;278.22;395.05;94.2;359.0;107.7;179.5;484.65;269.25;495.42;305.15;3324.89
C94000048000001 - CAPS. T. DESCAFEINADO POINT EX PAQUETE 50 UDS.;17.5;17.95;50.85;83.85;0.0;35.9;17.95;17.95;125.65;17.95;50.26;125.65;561.46
C94000054000012 - DILMAH PEPPERMINT INFUSIï¿½N CAJA 12 PAQ X 100 SOBRES;0.0;0.0;0.0;0.0;0.0;0.0;0.0;0.0;0.0;19.27;0.0;0.0;19.27
C94000057000012 - DILMAH TE PURE GREEN TEA CAJA 12 PAQ X 100 SOBRES;0.0;0.0;0.0;0.0;0.0;0.0;0.0;0.0;0.0;57.82;0.0;0.0;57.82
C94000058000012 - DILMAH TE EARL GREY CAJA 12 PAQ X 100 SOBRES;0.0;0.0;0.0;0.0;0.0;0.0;0.0;0.0;0.0;57.82;0.0;0.0;57.82
C94000059000012 - DILMAH TE ENGLISH BREAKFAST CAJA 12 PAQ X 100 SOBRES;0.0;0.0;0.0;0.0;0.0;0.0;0.0;0.0;0.0;57.82;0.0;0.0;57.82
C94000061000001 - TEA GALLERY P.NEG-CANELA BO/30 PAQ. 30 UDS.;13.8;13.98;42.48;28.32;14.16;21.24;21.24;7.08;7.08;14.16;14.16;21.24;218.94
C94000062000001 - TEA GALLERY P. VERD-MENT BO/30 PAQ. 30 UDS.;27.6;6.9;28.32;21.24;14.16;7.08;21.24;7.08;21.24;14.16;35.4;7.08;211.5
C94000063000001 - TEA GALLERY P. VERD-JAZM BO/30 PAQ. 30 UDS.;48.3;14.16;42.48;49.56;21.24;70.8;14.16;7.08;28.32;35.4;21.24;49.56;402.3
C94000064000001 - TEA GALLERY P. ROOIBOS  BO/30 PAQ. 30 UDS.;27.6;7.08;56.64;14.16;14.16;21.24;0.0;0.0;21.24;28.32;28.32;35.4;254.16
C94000065000001 - TEA GALLERY P. SUEï¿½ TROP BO/30 PAQ. 30 UDS.;6.9;27.96;14.16;7.08;14.16;7.08;7.08;0.0;7.08;0.0;7.08;7.08;105.66
C94000066000001 - TEA GALLERY P.FRUT BOSQ  BO/30 PAQ. 30 UDS.;13.8;6.9;21.24;14.16;0.0;14.16;7.08;0.0;7.08;14.16;7.08;28.32;133.98
C94000067000001 - TEA GALLERY P. MENTA  BO/30 PAQ. 30 UDS.;13.8;35.22;49.56;28.32;56.64;49.56;7.08;14.16;49.56;28.32;49.56;56.64;438.42
C94000068000001 - TEA GALLERY P. MANZANIL  BO/30 PAQ. 30 UDS.;41.4;14.16;49.56;42.48;63.72;84.96;49.56;14.16;35.4;56.64;63.72;106.2;621.96
C94000069000001 - TEA GALLERY P. TILA  BO/30 PAQ. 30 UDS.;0.0;0.0;14.16;21.24;0.0;0.0;0.0;7.08;7.08;21.24;7.08;28.32;106.2
C94000070000001 - AZUCAR MORENO 7gr. 500ud;0.0;25.22;37.83;25.22;25.22;50.44;25.22;12.61;37.83;37.83;58.01;12.61;348.04
C94000081000001 - LECHE TORRIE SOL. INTENSO VEND PAQ. x 500 GRS.;0.0;0.0;0.0;0.0;0.0;0.0;0.0;0.0;0.0;0.0;0.0;0.0;0.0
C94000083000001 - ESTUCHE EXPRESSO 24 EXP.DESC.C/L.ANG.BRAS.COLOM.;0.0;0.0;0.0;0.0;0.0;0.0;0.0;0.0;11.52;230.4;0.0;0.0;241.92
C94000094000001 - COLOMBIA-MONOVARIETAL MONOD. ESTUCHE 15 UDS.;0.0;0.0;0.0;0.0;0.0;0.0;0.0;0.0;0.0;0.0;0.0;0.0;0.0
C94000099000001 - MONODOSIS NATURAL T. ESTUCHE 100 UDS. 7 GRS.;0.0;0.0;0.0;0.0;0.0;0.0;0.0;0.0;0.0;0.0;22.24;42.72;64.96
C94000101000001 - CAFE TORRESINI 80/20 1 KG;0.0;0.0;0.0;55.0;0.0;0.0;0.0;0.0;0.0;0.0;173.13;0.0;228.13
C94000101000006 - CAFE TORRESINI 80/20 CAJA DE 6 KG;340.98;315.78;612.6;345.38;237.31;540.62;276.39;241.68;345.38;409.02;608.25;177.1;4450.49
C94000102000001 - CAFE TORRESINI NATURAL 1 KG;0.0;0.0;0.0;0.0;0.0;0.0;0.0;0.0;0.0;0.0;0.0;0.0;0.0
C94000102000006 - CAFE TORRESINI NATURAL CAJA 6KG;0.0;67.26;0.0;0.0;0.0;0.0;0.0;0.0;0.0;0.0;0.0;0.0;67.26
C94000104000001 - DILMAH GRANEL CEYLON GREEN TEA LATA 100G/06;0.0;0.0;9.98;9.98;0.0;9.98;0.0;0.0;0.0;0.0;0.0;0.0;29.94
C94000105000001 - DILM.GRANEL ELEGANT EARL GREY LATA 100G/06;0.0;0.0;9.98;0.0;0.0;0.0;0.0;0.0;9.98;0.0;0.0;0.0;19.96
C94000107000001 - DILM GRANEL GENTLE MINTY GREEN LATA 100G/06;0.0;0.0;9.98;0.0;0.0;9.98;0.0;0.0;0.0;0.0;0.0;0.0;19.96
C94000109000001 - DILM GRANEL CEYLON SPICE CHAI LATA 100G/06;0.0;0.0;9.98;0.0;0.0;0.0;0.0;0.0;0.0;0.0;0.0;0.0;9.98
C94000110000001 - DILMAH GRANEL CHAMOMILE LATA 42G/06;0.0;0.0;9.98;9.98;9.98;0.0;0.0;0.0;0.0;0.0;0.0;0.0;29.94
C94000112000001 - DILMAH GRANEL PEPPERMINT LATA 34G/06;0.0;0.0;9.98;0.0;0.0;0.0;9.98;0.0;0.0;0.0;0.0;0.0;19.96
C94000113000001 - DILM.GRANEL VALLEY KINGS PEKOE LATA 100G/1 LT;0.0;0.0;9.98;0.0;0.0;0.0;0.0;0.0;0.0;0.0;0.0;0.0;9.98
C94000114000001 - DILMAH EXCEP BERRY SENSATION E/50 C/4;0.0;0.0;0.0;0.0;0.0;0.0;0.0;0.0;0.0;35.28;17.64;35.28;88.2
C94000115000001 - DILMAH EXCEP. CEYLON GREEN TEA E/50 C/4;0.0;0.0;0.0;0.0;0.0;0.0;0.0;0.0;0.0;35.28;49.39;152.41;237.08
C94000116000001 - DILMAH EXCEP ELEGANT EARL GREY E/50 C/4;0.0;0.0;0.0;0.0;0.0;0.0;0.0;0.0;0.0;52.92;59.97;78.32;191.21
C94000117000001 - DILMAH EXCP FRAG.JASMINE GREEN E/50 C/4;0.0;0.0;0.0;0.0;0.0;0.0;0.0;0.0;17.64;35.28;42.33;31.75;127.0
C94000118000001 - DILMAH EXCP PEPPERMINT&CINAMON E/50 C/4;0.0;0.0;0.0;0.0;0.0;0.0;0.0;0.0;0.0;35.28;14.11;17.64;67.03
C94000119000001 - DILMAH EXCP ROSE FRENCH VANILA E/50 C/4;0.0;0.0;0.0;0.0;0.0;0.0;0.0;0.0;0.0;52.92;0.0;17.64;70.56
C94000120000001 - DILMAH EXCEP CEYLON TEA SPICE E/50;0.0;0.0;0.0;0.0;0.0;0.0;0.0;0.0;0.0;35.28;0.0;17.64;52.92
C94000121000001 - DILMAH EXCEP ENGLISH BREAKFAST E/50 C/4;0.0;0.0;0.0;0.0;0.0;0.0;0.0;0.0;17.64;35.28;35.28;64.21;152.41
C94000122000001 - DILMAH EXCEP ROIBOOS PURE NAT E/50 C/4;0.0;0.0;0.0;0.0;47.26;0.0;0.0;0.0;23.63;47.26;80.33;89.79;288.27
C94000123000001 - DLMH EXCP TSACHET TIE GUAN YIN E/50 C/4;0.0;0.0;0.0;0.0;0.0;0.0;0.0;0.0;0.0;78.75;21.0;26.25;126.0
C94000124000001 - DILMAH EXCEP CHAMOMILE E/30 (4);0.0;0.0;0.0;0.0;30.46;0.0;0.0;0.0;15.23;30.46;91.36;222.35;389.86
C94000125000001 - DILMAH EXCEP PEPPERMINT E/30 (4);0.0;0.0;0.0;0.0;0.0;15.23;-15.23;0.0;15.23;30.46;103.55;179.71;328.95
C94000601000001 - TEA GALLERY P. VERDE BO/30 PAQ. 30 UDS.;0.0;7.08;14.16;0.0;0.0;7.08;0.0;0.0;0.0;0.0;0.0;0.0;28.32
C94000602000001 - TEA GALLERY P. ROJO FRUT BO/30 PAQ. 30 UDS.;21.21;14.32;50.75;21.75;14.5;14.5;7.25;7.25;21.75;14.5;21.75;65.25;274.78
C94000603000001 - TEA GALLERY P. BLCO-MAND BO/30 PAQ. 30 UDS.;0.0;7.13;14.26;7.13;35.65;0.0;0.0;0.0;7.13;7.13;14.26;14.26;106.95
C94000604000001 - TEA GALLERY P. ROJO BO/30 PAQ. 30 UDS.;0.0;0.0;0.0;0.0;21.75;7.25;0.0;0.0;0.0;7.25;0.0;0.0;36.25
C94000605000001 - TEA GALLERY KIT PIRAM. 12 SABO ;0.0;169.82;0.0;0.0;84.91;0.0;84.91;0.0;67.93;169.82;84.91;0.0;662.3
R_Producto;0.0;0.0;0.0;0.0;0.0;0.0;0.0;0.0;0.0;0.0;0.0;0.0;0.0
T_Producto;21800.87;37929.1;64358.31;40690.79;50682.81;60713.94;47101.86;42265.69;74539.58;76775.65;123416.09;75151.58;715426.27
